"season","season_week","week_start_date","denv1_cases","denv2_cases","denv3_cases","denv4_cases","other_positive_cases","additional_cases","total_cases","TAVG","Bt"
"1990/1991",1,1990-04-30,0,0,0,0,4,0,4,26.4285714285714,1.10584416579844
"1990/1991",2,1990-05-07,0,0,0,0,5,0,5,26.9571428571429,1.18775478688271
"1990/1991",3,1990-05-14,0,0,0,0,4,0,4,27.0857142857143,1.20754639515967
"1990/1991",4,1990-05-21,0,0,0,0,3,0,3,28.8428571428571,1.46370732353487
"1990/1991",5,1990-05-28,0,0,0,0,6,0,6,28.4428571428571,1.40874959690055
"1990/1991",6,1990-06-04,1,0,0,0,1,0,2,27.4142857142857,1.25773166401372
"1990/1991",7,1990-06-11,0,0,0,0,4,0,4,28.2,1.37418771124248
"1990/1991",8,1990-06-18,0,0,0,0,5,0,5,28.4571428571429,1.4107565223495
"1990/1991",9,1990-06-25,2,0,0,0,8,0,10,28.0428571428571,1.35141230989459
"1990/1991",10,1990-07-02,0,0,0,1,5,0,6,27.8428571428571,1.32201389969462
"1990/1991",11,1990-07-09,0,0,0,0,8,0,8,28,1.34514971259517
"1990/1991",12,1990-07-16,0,0,0,0,2,0,2,28.1142857142857,1.36180219703005
"1990/1991",13,1990-07-23,0,2,0,0,4,0,6,28.0571428571429,1.3534951254221
"1990/1991",14,1990-07-30,0,1,0,1,15,0,17,28.3571428571429,1.39664523511848
"1990/1991",15,1990-08-06,1,1,0,0,21,0,23,28.3142857142857,1.39055376161441
"1990/1991",16,1990-08-13,0,1,0,1,11,0,13,28.0285714285714,1.34932712082201
"1990/1991",17,1990-08-20,0,0,0,1,20,0,21,28.6142857142857,1.43262563392694
"1990/1991",18,1990-08-27,0,3,0,0,25,0,28,28.4142857142857,1.40472667644798
"1990/1991",19,1990-09-03,1,2,0,3,18,0,24,28.6428571428571,1.43655955053467
"1990/1991",20,1990-09-10,0,1,0,0,19,0,20,28.3285714285714,1.39258709942432
"1990/1991",21,1990-09-17,0,4,0,0,36,0,40,28.3428571428571,1.39461759854826
"1990/1991",22,1990-09-24,0,1,0,1,25,0,27,28.7285714285714,1.44827943256145
"1990/1991",23,1990-10-01,0,3,0,4,35,0,42,28.5428571428571,1.42273305096547
"1990/1991",24,1990-10-08,0,2,0,0,31,0,33,27.8714285714286,1.32623982506846
"1990/1991",25,1990-10-15,0,3,0,0,40,0,43,26.7714285714286,1.15905467431088
"1990/1991",26,1990-10-22,1,2,0,1,33,0,37,27.8142857142857,1.31777972800826
"1990/1991",27,1990-10-29,0,4,0,1,52,0,57,28.5,1.41675886732394
"1990/1991",28,1990-11-05,0,1,0,3,67,0,71,27.6714285714286,1.29649125726048
"1990/1991",29,1990-11-12,0,0,0,1,43,0,44,26.8714285714286,1.17452312772929
"1990/1991",30,1990-11-19,0,0,0,0,56,0,56,26.2571428571429,1.0791901707553
"1990/1991",31,1990-11-26,0,0,0,3,49,1,53,26.1714285714286,1.06586355499315
"1990/1991",32,1990-12-03,2,2,0,1,47,0,52,24.7571428571429,0.849039675642158
"1990/1991",33,1990-12-10,1,3,0,5,38,0,47,25.6571428571429,0.986122546741598
"1990/1991",34,1990-12-17,0,3,0,1,22,0,26,25.3,0.931218505204458
"1990/1991",35,1990-12-24,0,2,0,0,25,0,27,24.8714285714286,0.866185079492914
"1990/1991",36,1991-01-01,0,2,0,1,18,0,21,24.9142857142857,0.872637749054869
"1990/1991",37,1991-01-08,0,1,0,3,17,0,21,25.2428571428571,0.922487233213428
"1990/1991",38,1991-01-15,0,0,0,1,25,0,26,24.7142857142857,0.842634178906503
"1990/1991",39,1991-01-22,0,0,0,0,34,0,34,24.8285714285714,0.859744859458696
"1990/1991",40,1991-01-29,0,3,0,0,34,0,37,25.0571428571429,0.894232461661235
"1990/1991",41,1991-02-05,0,0,0,2,15,0,17,25.1428571428571,0.907248992721253
"1990/1991",42,1991-02-12,1,1,0,0,17,0,19,25.8428571428571,1.01485271484437
"1990/1991",43,1991-02-19,1,3,0,0,21,0,25,25.2571428571429,0.924668486075225
"1990/1991",44,1991-02-26,0,0,0,1,17,0,18,26.0142857142857,1.04144652729193
"1990/1991",45,1991-03-05,1,1,0,1,18,0,21,25.9285714285714,1.02814246799272
"1990/1991",46,1991-03-12,0,0,0,0,17,0,17,26.0857142857143,1.05254181234821
"1990/1991",47,1991-03-19,0,0,0,0,17,0,17,26.0571428571429,1.04810290138686
"1990/1991",48,1991-03-26,1,2,0,1,12,0,16,25.2428571428571,0.922487233213428
"1990/1991",49,1991-04-02,0,2,0,1,13,0,16,25.3,0.931218505204458
"1990/1991",50,1991-04-09,0,0,0,1,14,0,15,25.5142857142857,0.964098275695089
"1990/1991",51,1991-04-16,1,0,0,0,22,0,23,26.5285714285714,1.12138370375304
"1990/1991",52,1991-04-23,0,2,0,0,14,0,16,27.3142857142857,1.24252679732557
"1991/1992",1,1991-04-30,0,1,0,0,16,0,17,26.9285714285714,1.1833472728697
"1991/1992",2,1991-05-07,0,0,0,0,12,0,12,26.5285714285714,1.12138370375304
"1991/1992",3,1991-05-14,1,2,0,0,14,0,17,27.3857142857143,1.25339426274098
"1991/1992",4,1991-05-21,0,2,0,0,8,0,10,27.9428571428571,1.33676740650384
"1991/1992",5,1991-05-28,0,1,0,0,14,0,15,28.0714285714286,1.35557554469483
"1991/1992",6,1991-06-04,2,1,0,1,15,0,19,28.2285714285714,1.3782954515598
"1991/1992",7,1991-06-11,0,2,0,4,15,0,21,28.9285714285714,1.47512206455753
"1991/1992",8,1991-06-18,0,2,0,2,10,0,14,27.9142857142857,1.33256286699054
"1991/1992",9,1991-06-25,4,0,0,1,13,0,18,28.3714285714286,1.39866998520844
"1991/1992",10,1991-07-02,0,0,0,4,9,0,13,28.4142857142857,1.40472667644798
"1991/1992",11,1991-07-09,0,0,0,1,13,0,14,28.8,1.45794916974685
"1991/1992",12,1991-07-16,0,0,0,0,17,1,18,28,1.34514971259517
"1991/1992",13,1991-07-23,0,0,0,0,23,0,23,28.5714285714286,1.42669986655911
"1991/1992",14,1991-07-30,0,1,0,1,23,0,25,28.5,1.41675886732394
"1991/1992",15,1991-08-06,8,3,0,1,50,0,62,29.4285714285714,1.5387280498951
"1991/1992",16,1991-08-13,3,4,0,0,53,0,60,29.2714285714286,1.51932176935152
"1991/1992",17,1991-08-20,6,9,0,1,60,0,76,28.1571428571429,1.36800646002977
"1991/1992",18,1991-08-27,7,0,0,4,55,0,66,28.9428571428571,1.47701105011273
"1991/1992",19,1991-09-03,5,4,0,0,55,0,64,28.9714285714286,1.48077723725072
"1991/1992",20,1991-09-10,1,2,0,2,63,0,68,28.9142857142857,1.47322918625039
"1991/1992",21,1991-09-17,1,2,0,0,86,0,89,28.1428571428571,1.36594089839411
"1991/1992",22,1991-09-24,7,6,0,1,78,0,92,27.7428571428571,1.30715936527352
"1991/1992",23,1991-10-01,1,8,0,2,129,0,140,27.6571428571429,1.29435214181444
"1991/1992",24,1991-10-08,0,4,0,0,110,2,116,28.5428571428571,1.42273305096547
"1991/1992",25,1991-10-15,7,4,0,4,127,0,142,27.8285714285714,1.31989783370245
"1991/1992",26,1991-10-22,14,3,0,2,108,2,129,28.1142857142857,1.36180219703005
"1991/1992",27,1991-10-29,6,3,0,4,126,1,140,27.1857142857143,1.22288578535052
"1991/1992",28,1991-11-05,10,1,0,3,126,0,140,26.6571428571429,1.14134245981257
"1991/1992",29,1991-11-12,5,6,0,5,111,0,127,26.3142857142857,1.0880755882897
"1991/1992",30,1991-11-19,8,5,0,4,111,1,129,26.2714285714286,1.08141150595131
"1991/1992",31,1991-11-26,11,3,0,6,148,1,169,26.7285714285714,1.15241639553096
"1991/1992",32,1991-12-03,3,3,0,3,131,1,141,25.6142857142857,0.979507548146685
"1991/1992",33,1991-12-10,4,5,0,4,95,0,108,25,0.885579164359526
"1991/1992",34,1991-12-17,1,2,0,2,69,4,78,24.3571428571429,0.789811389545507
"1991/1992",35,1991-12-24,0,1,0,3,64,2,70,24.3857142857143,0.793998510423914
"1991/1992",36,1992-01-01,0,1,0,1,63,16,81,25.9,1.02371080084562
"1991/1992",37,1992-01-08,2,2,0,5,89,6,104,24.9571428571429,0.879102550914738
"1991/1992",38,1992-01-15,4,2,0,1,79,4,90,24.8857142857143,0.868334601660188
"1991/1992",39,1992-01-22,1,1,0,0,83,0,85,24.9,0.870485495430572
"1991/1992",40,1992-01-29,0,0,0,2,51,2,55,24.4571428571429,0.804496865480681
"1991/1992",41,1992-02-05,0,0,0,3,43,7,53,26.7571428571429,1.1568424630043
"1991/1992",42,1992-02-12,2,2,0,1,54,6,65,25.3428571428571,0.937777643184383
"1991/1992",43,1992-02-19,1,0,0,1,31,0,33,25.4142857142857,0.948728844405449
"1991/1992",44,1992-02-26,3,2,0,1,32,0,38,25.5714285714286,0.972898997460445
"1991/1992",45,1992-03-04,5,1,0,1,52,0,59,25.9142857142857,1.02592642816064
"1991/1992",46,1992-03-11,3,1,0,3,33,0,40,25.8285714285714,1.01263937327052
"1991/1992",47,1992-03-18,1,0,0,0,36,0,37,26.4285714285714,1.10584416579844
"1991/1992",48,1992-03-25,2,0,0,1,26,0,29,26.1428571428571,1.06142226417045
"1991/1992",49,1992-04-01,2,0,0,0,28,0,30,27.0714285714286,1.20535098810634
"1991/1992",50,1992-04-08,1,2,0,0,27,0,30,26.9428571428571,1.18555142512556
"1991/1992",51,1992-04-15,1,0,0,0,27,0,28,26.6714285714286,1.14355817828659
"1991/1992",52,1992-04-22,2,0,0,0,21,0,23,27.7285714285714,1.30502947734744
"1992/1993",1,1992-04-29,0,0,0,1,23,0,24,26.3428571428571,1.09251821138159
"1992/1993",2,1992-05-06,2,2,0,0,25,0,29,27.5285714285714,1.27502245201982
"1992/1993",3,1992-05-13,3,1,0,0,22,0,26,27.9714285714286,1.34096308127949
"1992/1993",4,1992-05-20,1,0,0,1,21,0,23,27.4571428571429,1.26422699229208
"1992/1993",5,1992-05-27,4,0,0,0,16,0,20,27.5857142857143,1.28363026117671
"1992/1993",6,1992-06-03,0,0,0,0,19,0,19,28.0857142857143,1.35765354494597
"1992/1993",7,1992-06-10,1,0,0,0,19,0,20,28.2,1.37418771124248
"1992/1993",8,1992-06-17,3,0,0,2,21,0,26,28.7285714285714,1.44827943256145
"1992/1993",9,1992-06-24,0,0,0,2,27,0,29,29.2285714285714,1.51393214555672
"1992/1993",10,1992-07-01,2,0,0,1,28,0,31,28.7285714285714,1.44827943256145
"1992/1993",11,1992-07-08,0,0,0,0,28,0,28,27.3857142857143,1.25339426274098
"1992/1993",12,1992-07-15,0,0,0,0,26,0,26,27.6428571428571,1.2922112446742
"1992/1993",13,1992-07-22,3,1,0,1,27,0,32,28,1.34514971259517
"1992/1993",14,1992-07-29,2,3,0,3,25,2,35,28.1285714285714,1.36387280304297
"1992/1993",15,1992-08-05,4,2,0,1,22,4,33,27.6571428571429,1.29435214181444
"1992/1993",16,1992-08-12,2,0,0,1,21,6,30,28.2285714285714,1.3782954515598
"1992/1993",17,1992-08-19,9,4,0,2,24,13,52,28.1857142857143,1.37212988965183
"1992/1993",18,1992-08-26,7,5,0,0,34,13,59,28.8142857142857,1.45987224666895
"1992/1993",19,1992-09-02,11,2,0,1,33,20,67,27.9428571428571,1.33676740650384
"1992/1993",20,1992-09-09,8,2,0,4,37,14,65,28.1428571428571,1.36594089839411
"1992/1993",21,1992-09-16,4,1,0,1,45,23,74,27.4714285714286,1.26638914750255
"1992/1993",22,1992-09-23,6,4,0,0,40,20,70,28.0857142857143,1.35765354494597
"1992/1993",23,1992-09-30,9,4,0,1,29,18,61,29.0142857142857,1.48639665994264
"1992/1993",24,1992-10-07,4,2,0,1,31,15,53,29.1142857142857,1.49936556469721
"1992/1993",25,1992-10-14,2,1,0,0,44,29,76,28.7428571428571,1.4502205413413
"1992/1993",26,1992-10-21,0,1,0,0,27,33,61,28.7142857142857,1.44633479429564
"1992/1993",27,1992-10-28,3,0,0,1,31,22,57,28.0571428571429,1.3534951254221
"1992/1993",28,1992-11-04,7,2,0,0,22,13,44,27.5428571428571,1.2771768462256
"1992/1993",29,1992-11-11,0,1,0,1,19,13,34,26.6,1.13247545473603
"1992/1993",30,1992-11-18,0,1,0,0,23,23,47,27.4571428571429,1.26422699229208
"1992/1993",31,1992-11-25,0,0,0,0,35,25,60,26.6285714285714,1.13690974865474
"1992/1993",32,1992-12-02,0,0,0,1,35,24,60,26.7571428571429,1.1568424630043
"1992/1993",33,1992-12-09,1,0,0,0,28,24,53,26.6714285714286,1.14355817828659
"1992/1993",34,1992-12-16,0,1,0,1,22,12,36,25.9142857142857,1.02592642816064
"1992/1993",35,1992-12-23,1,1,0,0,23,6,31,25.7857142857143,1.00600241584611
"1992/1993",36,1993-01-01,3,0,0,0,23,4,30,25.3285714285714,0.935590272347893
"1992/1993",37,1993-01-08,0,0,0,1,26,5,32,24.7,0.840502016857465
"1992/1993",38,1993-01-15,0,1,0,0,27,0,28,24.8714285714286,0.866185079492914
"1992/1993",39,1993-01-22,0,2,0,0,28,3,33,24.9714285714286,0.881260125602954
"1992/1993",40,1993-01-29,4,3,0,0,24,2,33,26,1.03922832872714
"1992/1993",41,1993-02-05,2,0,0,0,33,0,35,26.1714285714286,1.06586355499315
"1992/1993",42,1993-02-12,0,0,0,1,21,0,22,26.0285714285714,1.0436650324764
"1992/1993",43,1993-02-19,1,0,0,0,12,0,13,25.5428571428571,0.968497064927201
"1992/1993",44,1993-02-26,2,0,0,0,11,0,13,24.9714285714286,0.881260125602954
"1992/1993",45,1993-03-05,0,1,0,0,20,0,21,25.8,1.00821420913598
"1992/1993",46,1993-03-12,2,1,0,0,14,0,17,26.7,1.14798825344653
"1992/1993",47,1993-03-19,0,1,0,0,10,0,11,26.2142857142857,1.07252646778361
"1992/1993",48,1993-03-26,2,0,0,0,6,0,8,27.4285714285714,1.25989823019541
"1992/1993",49,1993-04-02,0,0,0,0,8,0,8,27.3285714285714,1.24470294877567
"1992/1993",50,1993-04-09,0,0,0,1,5,0,6,26.2142857142857,1.07252646778361
"1992/1993",51,1993-04-16,0,1,0,0,5,0,6,26.6714285714286,1.14355817828659
"1992/1993",52,1993-04-23,1,0,0,0,6,0,7,27.3,1.24034935656515
"1993/1994",1,1993-04-30,1,1,0,0,10,0,12,26.8857142857143,1.17673025767343
"1993/1994",2,1993-05-07,1,1,0,0,15,0,17,26.4857142857143,1.11472521390187
"1993/1994",3,1993-05-14,0,0,0,0,10,0,10,29.4714285714286,1.54392030546622
"1993/1994",4,1993-05-21,0,0,0,1,9,0,10,27.8285714285714,1.31989783370245
"1993/1994",5,1993-05-28,0,0,0,0,18,0,18,29.1285714285714,1.50120151794298
"1993/1994",6,1993-06-04,0,0,0,0,18,1,19,28.7142857142857,1.44633479429564
"1993/1994",7,1993-06-11,0,0,0,0,12,0,12,28.1142857142857,1.36180219703005
"1993/1994",8,1993-06-18,0,2,0,0,18,2,22,27.5,1.27070890408178
"1993/1994",9,1993-06-25,4,1,0,0,7,0,12,28.6714285714286,1.44047995713249
"1993/1994",10,1993-07-02,0,1,0,0,20,0,21,28.1714285714286,1.37006946483868
"1993/1994",11,1993-07-09,1,1,0,0,16,0,18,27.6857142857143,1.29862856981587
"1993/1994",12,1993-07-16,0,3,0,1,12,0,16,28.7285714285714,1.44827943256145
"1993/1994",13,1993-07-23,1,0,0,0,15,0,16,28.0142857142857,1.34723958085698
"1993/1994",14,1993-07-30,2,1,0,1,18,0,22,29.2,1.51031671302339
"1993/1994",15,1993-08-06,0,1,0,0,16,0,17,29.3428571428571,1.52821321801518
"1993/1994",16,1993-08-13,1,1,0,1,22,0,25,29.0428571428571,1.49012272530501
"1993/1994",17,1993-08-20,0,2,0,2,18,1,23,28.9857142857143,1.48265438581846
"1993/1994",18,1993-08-27,1,1,0,1,9,0,12,28.4,1.40271072994705
"1993/1994",19,1993-09-03,2,2,0,1,19,1,25,28.4285714285714,1.40673964017305
"1993/1994",20,1993-09-10,0,1,0,0,27,0,28,28.4428571428571,1.40874959690055
"1993/1994",21,1993-09-17,3,2,0,2,20,0,27,28.4714285714286,1.41276039217953
"1993/1994",22,1993-09-24,1,1,0,0,16,0,18,27.9285714285714,1.33466623370459
"1993/1994",23,1993-10-01,1,1,0,0,21,0,23,28.2285714285714,1.3782954515598
"1993/1994",24,1993-10-08,1,3,0,0,18,1,23,28.4571428571429,1.4107565223495
"1993/1994",25,1993-10-15,1,2,0,0,26,0,29,27.9714285714286,1.34096308127949
"1993/1994",26,1993-10-22,4,6,0,0,27,1,38,28.2857142857143,1.38647866511436
"1993/1994",27,1993-10-29,2,3,0,2,28,1,36,27.3714285714286,1.25122346803163
"1993/1994",28,1993-11-05,6,7,0,3,27,0,43,27.7714285714286,1.31141339049697
"1993/1994",29,1993-11-12,5,5,0,0,34,2,46,26.9,1.17893667073871
"1993/1994",30,1993-11-19,6,5,0,0,18,2,31,26.7285714285714,1.15241639553096
"1993/1994",31,1993-11-26,2,5,0,0,18,0,25,26.5285714285714,1.12138370375304
"1993/1994",32,1993-12-03,7,4,0,2,22,5,40,26.6142857142857,1.13469279085164
"1993/1994",33,1993-12-10,2,3,0,1,20,5,31,26.4428571428571,1.10806470532745
"1993/1994",34,1993-12-17,1,2,0,0,32,3,38,25.8714285714286,1.01928084347825
"1993/1994",35,1993-12-24,5,7,0,1,17,0,30,25.6285714285714,0.981711849910791
"1993/1994",36,1994-01-01,2,3,0,0,17,0,22,25.6,0.977303962847404
"1993/1994",37,1994-01-08,2,5,0,0,24,0,31,25.1571428571429,0.90942252440321
"1993/1994",38,1994-01-15,3,4,0,0,19,0,26,25.2571428571429,0.924668486075225
"1993/1994",39,1994-01-22,4,5,0,1,23,2,35,25.6142857142857,0.979507548146685
"1993/1994",40,1994-01-29,3,9,0,1,21,2,36,25.4428571428571,0.953115772804234
"1993/1994",41,1994-02-05,4,7,0,2,24,2,39,25.4857142857143,0.959702739483508
"1993/1994",42,1994-02-12,6,5,0,1,13,0,25,25.7142857142857,0.994951918399627
"1993/1994",43,1994-02-19,1,2,0,1,27,0,31,25.6571428571429,0.986122546741597
"1993/1994",44,1994-02-26,3,5,0,2,27,0,37,25.5428571428571,0.968497064927201
"1993/1994",45,1994-03-05,6,3,0,1,23,0,33,26.0428571428571,1.04588382896304
"1993/1994",46,1994-03-12,4,3,0,1,17,0,25,26.2285714285714,1.07474763561088
"1993/1994",47,1994-03-19,4,4,0,2,14,0,24,26.5142857142857,1.11916445963393
"1993/1994",48,1994-03-26,0,1,0,0,17,0,18,26.6142857142857,1.13469279085164
"1993/1994",49,1994-04-02,0,4,0,0,19,0,23,26.3857142857143,1.09918167127526
"1993/1994",50,1994-04-09,0,2,0,0,11,0,13,25.7285714285714,0.997160840523668
"1993/1994",51,1994-04-16,2,1,0,0,15,0,18,26.1,1.05476161991768
"1993/1994",52,1994-04-23,1,3,0,0,10,0,14,27.2857142857143,1.23817064633773
"1994/1995",1,1994-04-30,2,1,0,1,13,0,17,27.8285714285714,1.31989783370245
"1994/1995",2,1994-05-07,2,4,0,0,16,0,22,27.6142857142857,1.28792418982195
"1994/1995",3,1994-05-14,2,0,0,0,11,0,13,28.3142857142857,1.39055376161441
"1994/1995",4,1994-05-21,2,3,0,2,17,0,24,29,1.484527535604
"1994/1995",5,1994-05-28,2,7,0,0,22,0,31,28.4,1.40271072994705
"1994/1995",6,1994-06-04,3,5,0,2,23,1,34,28.2571428571429,1.38239249881791
"1994/1995",7,1994-06-11,3,4,0,2,22,0,31,27.9285714285714,1.33466623370459
"1994/1995",8,1994-06-18,4,2,0,3,21,1,31,28.6428571428571,1.43655955053467
"1994/1995",9,1994-06-25,1,7,0,5,23,2,38,28.0142857142857,1.34723958085698
"1994/1995",10,1994-07-02,2,4,0,2,40,1,49,27.9714285714286,1.34096308127949
"1994/1995",11,1994-07-09,1,6,0,0,28,7,42,28.5,1.41675886732394
"1994/1995",12,1994-07-16,0,7,0,2,33,7,49,28.2571428571429,1.38239249881791
"1994/1995",13,1994-07-23,1,8,0,6,34,6,55,28.5,1.41675886732394
"1994/1995",14,1994-07-30,4,18,0,1,46,11,80,28.1714285714286,1.37006946483868
"1994/1995",15,1994-08-06,0,14,0,8,51,11,84,28.3285714285714,1.39258709942432
"1994/1995",16,1994-08-13,3,10,0,3,49,7,72,28.5857142857143,1.42867840803016
"1994/1995",17,1994-08-20,4,12,0,0,65,8,89,29.1,1.49752537040821
"1994/1995",18,1994-08-27,2,12,0,3,64,34,115,29.3857142857143,1.53349209724477
"1994/1995",19,1994-09-03,6,10,0,4,91,68,179,28.6142857142857,1.43262563392694
"1994/1995",20,1994-09-10,1,14,0,3,59,125,202,28.7714285714286,1.45409206819496
"1994/1995",21,1994-09-17,2,6,0,3,96,165,272,27.9857142857143,1.34305753857536
"1994/1995",22,1994-09-24,9,14,0,6,90,183,302,28.6,1.43065367213244
"1994/1995",23,1994-10-01,0,12,0,2,120,261,395,28.6857142857143,1.44243503118723
"1994/1995",24,1994-10-08,2,24,0,7,137,256,426,27.9285714285714,1.33466623370459
"1994/1995",25,1994-10-15,3,16,0,4,148,290,461,28.3428571428571,1.39461759854826
"1994/1995",26,1994-10-22,6,13,0,1,111,250,381,28.1285714285714,1.36387280304298
"1994/1995",27,1994-10-29,2,10,0,3,82,236,333,27.7142857142857,1.3028977011936
"1994/1995",28,1994-11-05,2,12,0,1,73,265,353,26.6571428571429,1.14134245981257
"1994/1995",29,1994-11-12,3,5,0,1,64,337,410,28.1285714285714,1.36387280304298
"1994/1995",30,1994-11-19,2,1,0,1,114,246,364,27.0285714285714,1.19875908770531
"1994/1995",31,1994-11-26,3,4,0,1,112,239,359,26.6428571428571,1.13912631078014
"1994/1995",32,1994-12-03,2,8,0,6,78,194,288,26.5,1.1169449573613
"1994/1995",33,1994-12-10,1,6,0,2,81,131,221,26.8142857142857,1.1656878039301
"1994/1995",34,1994-12-17,4,9,0,0,48,88,149,26.4571428571429,1.11028507104192
"1994/1995",35,1994-12-24,3,7,0,3,41,58,112,26.6571428571429,1.14134245981257
"1994/1995",36,1995-01-01,3,6,0,1,65,79,154,25.7285714285714,0.997160840523668
"1994/1995",37,1995-01-08,0,9,0,0,40,42,91,25.0285714285714,0.889903308688401
"1994/1995",38,1995-01-15,1,3,0,2,51,15,72,25.7428571428571,0.999370365733435
"1994/1995",39,1995-01-22,3,5,0,2,41,5,56,25.5857142857143,0.975101107978662
"1994/1995",40,1995-01-29,5,2,0,3,26,10,46,25.7428571428571,0.999370365733435
"1994/1995",41,1995-02-05,0,0,0,0,31,6,37,26.6428571428571,1.13912631078014
"1994/1995",42,1995-02-12,0,0,0,1,20,5,26,26.3285714285714,1.09029692055128
"1994/1995",43,1995-02-19,0,1,0,0,16,0,17,25.3285714285714,0.935590272347893
"1994/1995",44,1995-02-26,0,0,0,1,15,1,17,25.3,0.931218505204458
"1994/1995",45,1995-03-05,0,1,0,0,16,3,20,25.8142857142857,1.01042653314815
"1994/1995",46,1995-03-12,1,0,0,0,10,0,11,23.9714285714286,0.734013122474046
"1994/1995",47,1995-03-19,1,0,0,0,6,0,7,25.6571428571429,0.986122546741598
"1994/1995",48,1995-03-26,2,0,0,1,13,0,16,25.1428571428571,0.907248992721253
"1994/1995",49,1995-04-02,2,0,0,1,10,1,14,27.4428571428571,1.26206334639663
"1994/1995",50,1995-04-09,1,3,0,1,11,0,16,26.8857142857143,1.17673025767343
"1994/1995",51,1995-04-16,1,0,0,0,4,0,5,26.4571428571429,1.11028507104192
"1994/1995",52,1995-04-23,0,0,0,0,2,0,2,26.8857142857143,1.17673025767343
"1995/1996",1,1995-04-30,0,0,0,0,6,0,6,28.4714285714286,1.41276039217953
"1995/1996",2,1995-05-07,0,1,0,0,4,0,5,27.0571428571429,1.20315462188944
"1995/1996",3,1995-05-14,0,0,0,1,3,0,4,26.7857142857143,1.16126631352232
"1995/1996",4,1995-05-21,0,0,0,0,3,0,3,27.9285714285714,1.33466623370459
"1995/1996",5,1995-05-28,0,0,0,0,4,0,4,27.2285714285714,1.22944350576311
"1995/1996",6,1995-06-04,2,1,0,1,12,0,16,27.5285714285714,1.27502245201982
"1995/1996",7,1995-06-11,1,0,0,1,6,0,8,28.4428571428571,1.40874959690055
"1995/1996",8,1995-06-18,0,0,0,0,6,1,7,29.5714285714286,1.55586126693967
"1995/1996",9,1995-06-25,1,0,0,1,7,1,10,29.3,1.52289217735906
"1995/1996",10,1995-07-02,1,0,0,0,11,2,14,29.1285714285714,1.50120151794298
"1995/1996",11,1995-07-09,0,0,0,1,6,0,7,29.2285714285714,1.51393214555672
"1995/1996",12,1995-07-16,1,1,0,1,5,1,9,28.9,1.47133244154225
"1995/1996",13,1995-07-23,0,0,0,0,10,1,11,28.5428571428571,1.42273305096547
"1995/1996",14,1995-07-30,1,4,0,0,15,3,23,28.9571428571429,1.47889611650251
"1995/1996",15,1995-08-06,0,2,0,1,11,3,17,30.0428571428571,1.60858770280933
"1995/1996",16,1995-08-13,0,0,0,1,17,1,19,28.7142857142857,1.44633479429564
"1995/1996",17,1995-08-20,0,1,0,1,18,4,24,28.8285714285714,1.46179163990358
"1995/1996",18,1995-08-27,0,1,0,0,13,3,17,29.5285714285714,1.55077399786196
"1995/1996",19,1995-09-03,4,1,0,0,21,2,28,29.6142857142857,1.56090223161331
"1995/1996",20,1995-09-10,1,2,0,5,30,2,40,29.0428571428571,1.49012272530501
"1995/1996",21,1995-09-17,4,1,0,0,26,2,33,30.1,1.61454590115304
"1995/1996",22,1995-09-24,2,3,0,1,21,4,31,28.7857142857143,1.45602243499138
"1995/1996",23,1995-10-01,2,1,0,2,25,3,33,28.3285714285714,1.39258709942432
"1995/1996",24,1995-10-08,2,1,0,0,26,0,29,27.7857142857143,1.31353748468296
"1995/1996",25,1995-10-15,2,3,0,3,19,3,30,27.5571428571429,1.27932962633512
"1995/1996",26,1995-10-22,1,1,0,1,27,6,36,28.1428571428571,1.36594089839411
"1995/1996",27,1995-10-29,3,3,0,2,34,6,48,27.4714285714286,1.26638914750255
"1995/1996",28,1995-11-05,0,0,0,2,28,10,40,27.1,1.20974082404921
"1995/1996",29,1995-11-12,0,1,0,1,14,12,28,27.1714285714286,1.22069762737545
"1995/1996",30,1995-11-19,0,1,0,1,28,6,36,27.3428571428571,1.2468777910189
"1995/1996",31,1995-11-26,0,0,0,1,16,2,19,27.0142857142857,1.19655995747822
"1995/1996",32,1995-12-03,0,0,0,0,18,16,34,26.7571428571429,1.1568424630043
"1995/1996",33,1995-12-10,0,0,0,1,12,10,23,26.1714285714286,1.06586355499315
"1995/1996",34,1995-12-17,0,0,0,1,13,3,17,26.5285714285714,1.12138370375304
"1995/1996",35,1995-12-24,0,0,0,0,15,2,17,27.1285714285714,1.21412667107499
"1995/1996",36,1996-01-01,0,1,0,1,20,1,23,26.1428571428571,1.06142226417045
"1995/1996",37,1996-01-08,1,0,0,1,12,0,14,26.2142857142857,1.07252646778361
"1995/1996",38,1996-01-15,2,0,0,0,18,0,20,25.5857142857143,0.975101107978662
"1995/1996",39,1996-01-22,1,0,0,0,12,0,13,24.8857142857143,0.868334601660188
"1995/1996",40,1996-01-29,0,1,0,0,20,2,23,25.1285714285714,0.905076614540418
"1995/1996",41,1996-02-05,1,0,0,3,14,2,20,25.1571428571429,0.90942252440321
"1995/1996",42,1996-02-12,0,0,0,0,16,0,16,26.0571428571429,1.04810290138686
"1995/1996",43,1996-02-19,0,1,0,0,14,1,16,25.4714285714286,0.95750622534912
"1995/1996",44,1996-02-26,2,0,0,0,19,2,23,25.6571428571429,0.986122546741598
"1995/1996",45,1996-03-04,1,1,0,1,11,0,14,25.9571428571429,1.03257572521438
"1995/1996",46,1996-03-11,0,0,0,1,10,4,15,26.4428571428571,1.10806470532745
"1995/1996",47,1996-03-18,0,0,0,0,3,1,4,26.2285714285714,1.07474763561088
"1995/1996",48,1996-03-25,0,1,0,0,4,0,5,26.0142857142857,1.04144652729193
"1995/1996",49,1996-04-01,0,0,0,0,4,1,5,26.1142857142857,1.05698164148813
"1995/1996",50,1996-04-08,2,1,0,1,4,3,11,26.2857142857143,1.083632864735
"1995/1996",51,1996-04-15,0,0,0,1,9,1,11,26,1.03922832872714
"1995/1996",52,1996-04-22,2,0,0,0,4,1,7,26.1857142857143,1.06808441155913
"1996/1997",1,1996-04-29,1,0,0,0,3,0,4,25.4,0.946536735284571
"1996/1997",2,1996-05-06,0,0,0,1,5,0,6,25.8428571428571,1.01485271484437
"1996/1997",3,1996-05-13,0,0,0,2,3,0,5,26.6,1.13247545473603
"1996/1997",4,1996-05-20,0,0,0,0,2,0,2,27.9714285714286,1.34096308127949
"1996/1997",5,1996-05-27,0,0,0,1,3,0,4,27.8142857142857,1.31777972800826
"1996/1997",6,1996-06-03,0,0,0,0,2,0,2,27.1857142857143,1.22288578535052
"1996/1997",7,1996-06-10,0,0,0,1,2,1,4,26.3142857142857,1.0880755882897
"1996/1997",8,1996-06-17,3,1,0,0,2,0,6,27.5142857142857,1.27286646442195
"1996/1997",9,1996-06-24,2,0,0,1,3,0,6,28.0285714285714,1.34932712082201
"1996/1997",10,1996-07-01,0,1,0,2,0,1,4,28.3,1.3885176089276
"1996/1997",11,1996-07-08,0,0,0,2,2,2,6,27.1,1.20974082404921
"1996/1997",12,1996-07-15,1,2,0,1,5,2,11,27.4,1.25556366812301
"1996/1997",13,1996-07-22,2,1,0,0,10,3,16,27.2571428571429,1.23380949658908
"1996/1997",14,1996-07-29,1,0,0,2,5,1,9,27.5857142857143,1.28363026117671
"1996/1997",15,1996-08-05,1,2,0,1,7,1,12,27.9285714285714,1.33466623370459
"1996/1997",16,1996-08-12,1,2,0,0,7,3,13,26.9571428571429,1.18775478688271
"1996/1997",17,1996-08-19,0,4,0,1,18,4,27,27.7571428571429,1.30928734349934
"1996/1997",18,1996-08-26,1,0,0,2,13,5,21,28.2428571428571,1.38034532354334
"1996/1997",19,1996-09-02,2,2,0,1,11,3,19,28.3142857142857,1.39055376161441
"1996/1997",20,1996-09-09,1,1,0,0,13,2,17,26.9857142857143,1.19215906471492
"1996/1997",21,1996-09-16,1,1,0,1,18,3,24,27.5857142857143,1.28363026117671
"1996/1997",22,1996-09-23,2,0,0,1,16,8,27,27.6285714285714,1.29006858698119
"1996/1997",23,1996-09-30,1,1,0,1,19,8,30,27.1714285714286,1.22069762737545
"1996/1997",24,1996-10-07,0,1,0,1,21,6,29,27.5714285714286,1.28148077158983
"1996/1997",25,1996-10-14,1,1,0,1,14,8,25,28.8714285714286,1.46752745801459
"1996/1997",26,1996-10-21,0,0,0,2,23,10,35,27.7142857142857,1.3028977011936
"1996/1997",27,1996-10-28,2,1,0,2,20,8,33,26.4571428571429,1.11028507104192
"1996/1997",28,1996-11-04,1,3,0,0,21,5,30,26.3142857142857,1.0880755882897
"1996/1997",29,1996-11-11,1,2,0,1,13,12,29,26.0285714285714,1.0436650324764
"1996/1997",30,1996-11-18,3,0,0,3,15,10,31,25.4571428571429,0.955310565285697
"1996/1997",31,1996-11-25,0,1,0,4,22,2,29,25.2142857142857,0.918127934866515
"1996/1997",32,1996-12-02,0,4,0,4,11,3,22,24.7285714285714,0.844767850219465
"1996/1997",33,1996-12-09,2,1,0,3,15,6,27,25.1857142857143,0.913772998103322
"1996/1997",34,1996-12-16,1,1,0,3,15,4,24,24.3428571428571,0.787720488964975
"1996/1997",35,1996-12-23,0,1,0,4,16,5,26,25.2285714285714,0.92030704521206
"1996/1997",36,1997-01-01,2,1,0,1,19,6,29,24.6857142857143,0.838371375268308
"1996/1997",37,1997-01-08,0,0,0,3,18,1,22,24.4142857142857,0.798192656060301
"1996/1997",38,1997-01-15,0,0,0,2,26,5,33,24.7857142857143,0.853317402712414
"1996/1997",39,1997-01-22,0,3,0,1,12,8,24,24.7142857142857,0.842634178906503
"1996/1997",40,1997-01-29,0,2,0,0,19,9,30,23.6571428571429,0.689636408954252
"1996/1997",41,1997-02-05,0,1,0,0,15,4,20,24.6142857142857,0.827741363130464
"1996/1997",42,1997-02-12,2,1,0,0,9,5,17,24.6,0.825620077058078
"1996/1997",43,1997-02-19,2,1,0,0,17,4,24,24.5142857142857,0.812926290002357
"1996/1997",44,1997-02-26,0,1,0,4,16,7,28,24.5285714285714,0.815037828082606
"1996/1997",45,1997-03-05,2,0,0,0,11,5,18,24.4,0.796094710282716
"1996/1997",46,1997-03-12,0,0,0,1,9,3,13,24.8142857142857,0.857600940338855
"1996/1997",47,1997-03-19,0,0,0,2,4,3,9,25.3857142857143,0.944345547338659
"1996/1997",48,1997-03-26,0,0,0,1,12,1,14,25.2571428571429,0.924668486075225
"1996/1997",49,1997-04-02,1,0,0,0,9,1,11,25.0428571428571,0.89206726517948
"1996/1997",50,1997-04-09,0,0,0,0,10,1,11,26.2142857142857,1.07252646778361
"1996/1997",51,1997-04-16,2,0,0,1,14,2,19,27.7857142857143,1.31353748468296
"1996/1997",52,1997-04-23,0,0,0,1,9,0,10,27.9285714285714,1.33466623370459
"1997/1998",1,1997-04-30,0,0,0,1,7,0,8,27.7714285714286,1.31141339049697
"1997/1998",2,1997-05-07,0,0,0,1,7,0,8,27.6857142857143,1.29862856981587
"1997/1998",3,1997-05-14,1,0,0,1,7,0,9,27.4,1.25556366812301
"1997/1998",4,1997-05-21,0,0,0,0,3,0,3,27.4285714285714,1.25989823019541
"1997/1998",5,1997-05-28,0,0,0,0,7,0,7,27.3571428571429,1.24905130410533
"1997/1998",6,1997-06-04,0,0,0,0,11,3,14,28.5857142857143,1.42867840803016
"1997/1998",7,1997-06-11,0,0,0,0,4,0,4,29.1428571428571,1.5030332029096
"1997/1998",8,1997-06-18,1,0,0,1,4,3,9,28.4571428571429,1.4107565223495
"1997/1998",9,1997-06-25,0,0,0,0,9,5,14,28.4857142857143,1.4147611819908
"1997/1998",10,1997-07-02,0,0,0,1,4,2,7,29.0571428571429,1.49197961268366
"1997/1998",11,1997-07-09,0,0,0,1,7,1,9,28.6285714285714,1.43459426841429
"1997/1998",12,1997-07-16,0,0,0,0,2,1,3,27.6571428571429,1.29435214181444
"1997/1998",13,1997-07-23,0,0,0,0,3,0,3,28.1428571428571,1.36594089839411
"1997/1998",14,1997-07-30,2,0,0,2,8,2,14,28.6428571428571,1.43655955053467
"1997/1998",15,1997-08-06,1,0,0,1,10,0,12,28.2,1.37418771124248
"1997/1998",16,1997-08-13,0,0,0,0,10,0,10,28.3857142857143,1.40069182483274
"1997/1998",17,1997-08-20,2,0,0,1,17,1,21,28.0571428571429,1.3534951254221
"1997/1998",18,1997-08-27,1,0,0,2,21,2,26,28.7714285714286,1.45409206819496
"1997/1998",19,1997-09-03,1,1,0,2,30,13,47,28.9571428571429,1.47889611650251
"1997/1998",20,1997-09-10,3,1,0,5,25,8,42,28.8571428571429,1.4656192715851
"1997/1998",21,1997-09-17,4,1,0,0,18,8,31,28.2428571428571,1.38034532354334
"1997/1998",22,1997-09-24,1,2,0,0,19,12,34,27.6714285714286,1.29649125726048
"1997/1998",23,1997-10-01,0,0,0,1,23,9,33,28.5,1.41675886732394
"1997/1998",24,1997-10-08,0,0,0,9,33,10,52,27.2285714285714,1.22944350576311
"1997/1998",25,1997-10-15,2,3,0,5,24,22,56,27.7,1.30076405822912
"1997/1998",26,1997-10-22,4,0,0,8,38,20,70,28.5428571428571,1.42273305096547
"1997/1998",27,1997-10-29,2,0,0,2,68,40,112,27.4571428571429,1.26422699229208
"1997/1998",28,1997-11-05,0,0,0,0,35,35,70,27.4714285714286,1.26638914750255
"1997/1998",29,1997-11-12,1,0,0,1,23,22,47,27.2857142857143,1.23817064633773
"1997/1998",30,1997-11-19,2,1,0,3,34,8,48,27.1285714285714,1.21412667107499
"1997/1998",31,1997-11-26,1,1,0,2,28,17,49,26.8428571428571,1.17010679025994
"1997/1998",32,1997-12-03,0,0,0,1,31,34,66,26.5142857142857,1.11916445963393
"1997/1998",33,1997-12-10,0,0,0,2,37,17,56,26.7714285714286,1.15905467431088
"1997/1998",34,1997-12-17,0,0,0,1,34,26,61,26.6428571428571,1.13912631078014
"1997/1998",35,1997-12-24,0,3,0,3,36,25,67,26.7,1.14798825344653
"1997/1998",36,1998-01-01,0,2,1,1,39,21,64,25.3714285714286,0.942155293853507
"1997/1998",37,1998-01-08,2,0,0,3,41,22,68,25.5285714285714,0.966297270524
"1997/1998",38,1998-01-15,3,0,0,4,28,14,49,25.6,0.977303962847404
"1997/1998",39,1998-01-22,0,0,1,2,34,13,50,26.7285714285714,1.15241639553096
"1997/1998",40,1998-01-29,1,0,0,2,42,11,56,26.7571428571429,1.1568424630043
"1997/1998",41,1998-02-05,2,3,0,4,49,17,75,26.6142857142857,1.13469279085164
"1997/1998",42,1998-02-12,2,1,0,4,37,19,63,25.0857142857143,0.898566525654484
"1997/1998",43,1998-02-19,1,2,0,5,43,11,62,25.9428571428571,1.03035890535521
"1997/1998",44,1998-02-26,3,0,0,1,31,6,41,25.8571428571429,1.01706654316432
"1997/1998",45,1998-03-05,2,2,0,9,32,5,50,25.2142857142857,0.918127934866515
"1997/1998",46,1998-03-12,2,1,0,4,24,3,34,25.2285714285714,0.92030704521206
"1997/1998",47,1998-03-19,2,1,0,5,23,0,31,26.6285714285714,1.13690974865474
"1997/1998",48,1998-03-26,4,2,0,4,23,5,38,25.2285714285714,0.92030704521206
"1997/1998",49,1998-04-02,1,0,0,4,23,2,30,26.4,1.10140263212641
"1997/1998",50,1998-04-09,0,0,0,5,24,3,32,26.4857142857143,1.11472521390187
"1997/1998",51,1998-04-16,3,0,0,4,17,2,26,26.0571428571429,1.04810290138686
"1997/1998",52,1998-04-23,2,1,1,7,18,1,30,26.8428571428571,1.17010679025994
"1998/1999",1,1998-04-30,4,2,0,1,27,2,36,27.0857142857143,1.20754639515967
"1998/1999",2,1998-05-07,2,0,0,7,24,2,35,27.8142857142857,1.31777972800826
"1998/1999",3,1998-05-14,5,0,0,9,30,2,46,27.2285714285714,1.22944350576311
"1998/1999",4,1998-05-21,1,4,0,6,33,4,48,27.9714285714286,1.34096308127949
"1998/1999",5,1998-05-28,3,1,2,7,27,4,44,28.0285714285714,1.34932712082201
"1998/1999",6,1998-06-04,5,1,0,9,33,3,51,28.3142857142857,1.39055376161441
"1998/1999",7,1998-06-11,6,1,0,10,37,5,59,28.1142857142857,1.36180219703005
"1998/1999",8,1998-06-18,1,3,2,4,51,10,71,28.4,1.40271072994705
"1998/1999",9,1998-06-25,11,2,0,12,65,12,102,28.7714285714286,1.45409206819496
"1998/1999",10,1998-07-02,3,1,0,3,87,34,128,28.1428571428571,1.36594089839411
"1998/1999",11,1998-07-09,8,1,0,17,71,30,127,28.2285714285714,1.3782954515598
"1998/1999",12,1998-07-16,11,5,0,8,63,63,150,27.8714285714286,1.32623982506846
"1998/1999",13,1998-07-23,4,5,1,9,93,79,191,28.0428571428571,1.35141230989459
"1998/1999",14,1998-07-30,2,3,5,9,119,118,256,28.8428571428571,1.46370732353487
"1998/1999",15,1998-08-06,6,7,2,11,105,198,329,29.1285714285714,1.50120151794298
"1998/1999",16,1998-08-13,8,3,2,15,70,165,263,28.6,1.43065367213244
"1998/1999",17,1998-08-20,5,1,0,11,58,145,220,28.1571428571429,1.36800646002977
"1998/1999",18,1998-08-27,7,4,2,12,58,121,204,28.9571428571429,1.47889611650251
"1998/1999",19,1998-09-03,1,1,0,5,44,130,181,28.3571428571429,1.39664523511848
"1998/1999",20,1998-09-10,0,0,2,0,19,78,99,28.4285714285714,1.40673964017305
"1998/1999",21,1998-09-17,0,0,0,2,28,24,54,27.9285714285714,1.33466623370459
"1998/1999",22,1998-09-24,2,1,5,4,27,41,80,27.8857142857143,1.3283496405579
"1998/1999",23,1998-10-01,2,1,2,2,42,53,102,28.1285714285714,1.36387280304298
"1998/1999",24,1998-10-08,6,1,1,4,49,66,127,28.1285714285714,1.36387280304298
"1998/1999",25,1998-10-15,0,1,1,3,42,26,73,27.7857142857143,1.31353748468296
"1998/1999",26,1998-10-22,1,1,4,4,40,18,68,27.6285714285714,1.29006858698119
"1998/1999",27,1998-10-29,0,1,0,0,38,25,64,27.4,1.25556366812301
"1998/1999",28,1998-11-05,2,1,2,1,25,24,55,27.7285714285714,1.30502947734744
"1998/1999",29,1998-11-12,1,3,2,5,30,26,67,26.6571428571429,1.14134245981257
"1998/1999",30,1998-11-19,1,3,3,2,43,32,84,26.2285714285714,1.07474763561088
"1998/1999",31,1998-11-26,1,3,7,4,54,16,85,25.7714285714286,1.00379116784409
"1998/1999",32,1998-12-03,1,4,1,0,37,24,67,25.8,1.00821420913598
"1998/1999",33,1998-12-10,0,2,1,2,46,22,73,26.1285714285714,1.05920186145615
"1998/1999",34,1998-12-17,1,3,3,0,50,32,89,25.6,0.977303962847404
"1998/1999",35,1998-12-24,2,3,2,2,42,17,68,25.6571428571429,0.986122546741598
"1998/1999",36,1999-01-01,4,5,10,3,26,11,59,25.1714285714286,0.911597197055485
"1998/1999",37,1999-01-08,1,0,9,7,35,4,56,25.1714285714286,0.911597197055485
"1998/1999",38,1999-01-15,2,8,8,3,43,13,77,24.8857142857143,0.868334601660188
"1998/1999",39,1999-01-22,1,1,8,2,56,7,75,24.6714285714286,0.836242265292818
"1998/1999",40,1999-01-29,1,2,3,1,33,7,47,23.7571428571429,0.703643631346772
"1998/1999",41,1999-02-05,0,0,1,2,42,5,50,23.7571428571429,0.703643631346772
"1998/1999",42,1999-02-12,0,1,1,1,36,3,42,24.2,0.766911412953616
"1998/1999",43,1999-02-19,0,0,1,0,27,0,28,24.5285714285714,0.815037828082606
"1998/1999",44,1999-02-26,0,0,3,1,30,3,37,24.8857142857143,0.868334601660188
"1998/1999",45,1999-03-05,1,0,0,0,32,4,37,24.6857142857143,0.838371375268308
"1998/1999",46,1999-03-12,1,0,3,0,23,0,27,25.4428571428571,0.953115772804234
"1998/1999",47,1999-03-19,0,0,1,0,11,0,12,25.5857142857143,0.975101107978662
"1998/1999",48,1999-03-26,0,0,1,0,14,0,15,26.0857142857143,1.05254181234821
"1998/1999",49,1999-04-02,0,0,4,1,17,0,22,25.0714285714286,0.896398885908985
"1998/1999",50,1999-04-09,0,0,0,1,7,0,8,26.1428571428571,1.06142226417045
"1998/1999",51,1999-04-16,1,0,1,0,13,0,15,27.1857142857143,1.22288578535052
"1998/1999",52,1999-04-23,0,0,2,0,15,0,17,26.8142857142857,1.1656878039301
"1999/2000",1,1999-04-30,0,0,2,0,8,0,10,28.2142857142857,1.37624290632599
"1999/2000",2,1999-05-07,0,0,1,0,8,0,9,26.6428571428571,1.13912631078014
"1999/2000",3,1999-05-14,1,0,2,0,8,0,11,28.6,1.43065367213244
"1999/2000",4,1999-05-21,0,0,0,1,19,0,20,28.3428571428571,1.39461759854826
"1999/2000",5,1999-05-28,0,0,2,1,10,0,13,27.9857142857143,1.34305753857536
"1999/2000",6,1999-06-04,0,0,0,1,10,0,11,27.8142857142857,1.31777972800826
"1999/2000",7,1999-06-11,0,0,1,0,15,0,16,27.6285714285714,1.29006858698119
"1999/2000",8,1999-06-18,0,0,1,0,10,0,11,27.8,1.31565960441829
"1999/2000",9,1999-06-25,0,0,0,0,7,0,7,27.9857142857143,1.34305753857536
"1999/2000",10,1999-07-02,0,1,4,0,12,0,17,27.5,1.27070890408178
"1999/2000",11,1999-07-09,0,0,0,0,14,0,14,26.2857142857143,1.083632864735
"1999/2000",12,1999-07-16,0,1,1,0,11,0,13,27.8571428571429,1.32412790412265
"1999/2000",13,1999-07-23,0,0,2,0,13,0,15,28.3285714285714,1.39258709942432
"1999/2000",14,1999-07-30,0,5,3,0,22,0,30,28.1142857142857,1.36180219703005
"1999/2000",15,1999-08-06,0,1,5,0,19,0,25,28.1428571428571,1.36594089839411
"1999/2000",16,1999-08-13,1,1,2,0,36,0,40,28.5857142857143,1.42867840803016
"1999/2000",17,1999-08-20,1,3,8,1,31,0,44,27.5285714285714,1.27502245201982
"1999/2000",18,1999-08-27,0,0,4,1,20,0,25,28.3571428571429,1.39664523511848
"1999/2000",19,1999-09-03,1,1,1,0,18,0,21,28.3142857142857,1.39055376161441
"1999/2000",20,1999-09-10,1,4,9,1,33,0,48,28.5,1.41675886732394
"1999/2000",21,1999-09-17,1,7,5,0,43,0,56,28.8857142857143,1.4694318567216
"1999/2000",22,1999-09-24,2,1,5,0,52,0,60,27.8142857142857,1.31777972800826
"1999/2000",23,1999-10-01,1,1,5,1,37,0,45,28.0857142857143,1.35765354494597
"1999/2000",24,1999-10-08,1,1,3,1,49,0,55,26.7142857142857,1.15020257495022
"1999/2000",25,1999-10-15,0,2,2,1,27,0,32,26.8571428571429,1.17231529918297
"1999/2000",26,1999-10-22,1,3,4,0,38,0,46,28.2142857142857,1.37624290632599
"1999/2000",27,1999-10-29,0,6,9,0,46,0,61,26.9714285714286,1.18995733960755
"1999/2000",28,1999-11-05,1,2,6,0,33,0,42,26.8571428571429,1.17231529918297
"1999/2000",29,1999-11-12,1,0,0,0,36,0,37,26.3285714285714,1.09029692055128
"1999/2000",30,1999-11-19,0,1,6,0,36,0,43,26.9428571428571,1.18555142512556
"1999/2000",31,1999-11-26,1,0,4,0,29,0,34,25.1142857142857,0.902905402347605
"1999/2000",32,1999-12-03,0,3,4,0,33,0,40,25.1857142857143,0.913772998103322
"1999/2000",33,1999-12-10,0,0,1,0,24,0,25,24.9857142857143,0.883419000753788
"1999/2000",34,1999-12-17,1,3,2,0,10,0,16,24.7714285714286,0.851177807148635
"1999/2000",35,1999-12-24,0,0,7,0,10,0,17,25.0857142857143,0.898566525654484
"1999/2000",36,2000-01-01,0,0,1,0,16,0,17,25.0571428571429,0.894232461661235
"1999/2000",37,2000-01-08,0,0,1,0,15,0,16,24.6857142857143,0.838371375268308
"1999/2000",38,2000-01-15,1,1,3,0,18,0,23,22.0857142857143,0.485451151858013
"1999/2000",39,2000-01-22,0,0,1,0,16,1,18,24.9857142857143,0.883419000753788
"1999/2000",40,2000-01-29,1,0,0,0,16,1,18,24.7142857142857,0.842634178906503
"1999/2000",41,2000-02-05,0,0,2,0,7,0,9,25.2571428571429,0.924668486075225
"1999/2000",42,2000-02-12,0,0,1,0,6,0,7,24.9857142857143,0.883419000753788
"1999/2000",43,2000-02-19,0,0,1,0,6,0,7,24.8428571428571,0.861890196750086
"1999/2000",44,2000-02-26,0,0,0,0,4,0,4,23.7571428571429,0.703643631346772
"1999/2000",45,2000-03-04,0,0,2,0,1,0,3,24.8,0.855458450925865
"1999/2000",46,2000-03-11,0,0,1,0,1,0,2,25.2714285714286,0.926850790957761
"1999/2000",47,2000-03-18,0,0,2,0,6,0,8,24.2428571428571,0.773134778945807
"1999/2000",48,2000-03-25,0,0,0,0,3,0,3,25.2285714285714,0.92030704521206
"1999/2000",49,2000-04-01,0,0,0,0,1,0,1,25.3714285714286,0.942155293853507
"1999/2000",50,2000-04-08,0,0,0,0,1,0,1,26.3714285714286,1.0969606031934
"1999/2000",51,2000-04-15,0,0,0,0,2,0,2,26.0857142857143,1.05254181234821
"1999/2000",52,2000-04-22,0,0,0,0,2,1,3,27.5,1.27070890408178
"2000/2001",1,2000-04-29,0,0,0,0,2,1,3,26.4285714285714,1.10584416579844
"2000/2001",2,2000-05-06,0,0,0,0,2,0,2,26.7714285714286,1.15905467431088
"2000/2001",3,2000-05-13,0,0,0,0,0,0,0,26.9142857142857,1.18114234859721
"2000/2001",4,2000-05-20,0,0,0,0,0,0,0,27.1,1.20974082404921
"2000/2001",5,2000-05-27,0,0,1,0,1,0,2,27.6142857142857,1.28792418982195
"2000/2001",6,2000-06-03,0,0,0,0,1,1,2,28.2,1.37418771124248
"2000/2001",7,2000-06-10,0,0,0,0,0,0,0,27.3428571428571,1.2468777910189
"2000/2001",8,2000-06-17,0,0,1,0,3,2,6,27.9571428571429,1.3388663631328
"2000/2001",9,2000-06-24,0,0,0,0,2,1,3,27.8285714285714,1.31989783370245
"2000/2001",10,2000-07-01,0,0,1,0,5,0,6,27.9142857142857,1.33256286699054
"2000/2001",11,2000-07-08,0,0,1,0,1,0,2,28.5285714285714,1.42074482641994
"2000/2001",12,2000-07-15,0,0,0,0,3,0,3,28.1285714285714,1.36387280304298
"2000/2001",13,2000-07-22,0,0,0,0,2,0,2,29.0285714285714,1.48826173210661
"2000/2001",14,2000-07-29,0,0,0,0,4,0,4,27.6285714285714,1.29006858698119
"2000/2001",15,2000-08-05,0,0,1,0,3,1,5,28.5285714285714,1.42074482641994
"2000/2001",16,2000-08-12,0,0,1,0,1,0,2,28.6714285714286,1.44047995713249
"2000/2001",17,2000-08-19,0,2,3,0,4,0,9,27.8,1.31565960441829
"2000/2001",18,2000-08-26,0,0,1,0,1,0,2,27.9,1.33045732856074
"2000/2001",19,2000-09-02,0,0,1,0,2,1,4,27.8,1.31565960441829
"2000/2001",20,2000-09-09,0,2,2,0,3,1,8,28.2714285714286,1.38443695386663
"2000/2001",21,2000-09-16,0,0,2,0,4,0,6,27.3285714285714,1.24470294877567
"2000/2001",22,2000-09-23,0,0,3,0,0,0,3,27.5571428571429,1.27932962633512
"2000/2001",23,2000-09-30,0,0,5,0,6,0,11,27.9857142857143,1.34305753857536
"2000/2001",24,2000-10-07,0,0,3,0,8,3,14,27.9714285714286,1.34096308127949
"2000/2001",25,2000-10-14,0,0,5,0,5,5,15,27.6142857142857,1.28792418982195
"2000/2001",26,2000-10-21,0,0,6,0,10,4,20,27.4571428571429,1.26422699229208
"2000/2001",27,2000-10-28,0,1,3,0,5,0,9,26.6428571428571,1.13912631078014
"2000/2001",28,2000-11-04,0,0,7,0,11,2,20,26.2142857142857,1.07252646778361
"2000/2001",29,2000-11-11,0,0,16,0,9,3,28,26.4142857142857,1.10362346917458
"2000/2001",30,2000-11-18,0,1,9,0,21,7,38,26.4714285714286,1.11250524617283
"2000/2001",31,2000-11-25,0,0,13,0,14,3,30,26.4857142857143,1.11472521390187
"2000/2001",32,2000-12-02,0,1,11,0,16,2,30,26.6714285714286,1.14355817828659
"2000/2001",33,2000-12-09,0,0,10,0,12,1,23,25.4428571428571,0.953115772804234
"2000/2001",34,2000-12-16,0,0,4,0,12,0,16,25.3142857142857,0.933403888667242
"2000/2001",35,2000-12-23,0,0,4,0,16,2,22,25.5,0.961900094132657
"2000/2001",36,2001-01-01,0,0,10,0,16,2,28,25.3857142857143,0.944345547338659
"2000/2001",37,2001-01-08,0,0,4,0,7,3,14,25.1857142857143,0.913772998103322
"2000/2001",38,2001-01-15,0,0,7,0,9,1,17,24.8857142857143,0.868334601660188
"2000/2001",39,2001-01-22,0,0,7,0,12,1,20,25.4428571428571,0.953115772804234
"2000/2001",40,2001-01-29,0,1,6,0,9,1,17,24.7285714285714,0.844767850219465
"2000/2001",41,2001-02-05,0,0,6,0,3,1,10,25.3714285714286,0.942155293853507
"2000/2001",42,2001-02-12,0,0,7,0,5,1,13,25,0.885579164359526
"2000/2001",43,2001-02-19,0,0,6,0,10,4,20,24.6428571428571,0.831988684587477
"2000/2001",44,2001-02-26,0,0,2,0,6,1,9,24.4285714285714,0.800292337434703
"2000/2001",45,2001-03-05,0,0,7,0,7,4,18,26.8285714285714,1.16789761913455
"2000/2001",46,2001-03-12,0,1,3,0,5,0,9,26.2714285714286,1.08141150595131
"2000/2001",47,2001-03-19,0,0,1,0,4,3,8,25.8142857142857,1.01042653314815
"2000/2001",48,2001-03-26,0,0,2,0,14,3,19,27.2,1.22507283069533
"2000/2001",49,2001-04-02,0,0,5,0,4,2,11,26.3714285714286,1.0969606031934
"2000/2001",50,2001-04-09,0,0,0,0,3,1,4,26.4857142857143,1.11472521390187
"2000/2001",51,2001-04-16,0,0,0,0,5,1,6,27.4,1.25556366812301
"2000/2001",52,2001-04-23,0,0,2,0,4,0,6,26.6714285714286,1.14355817828659
"2001/2002",1,2001-04-30,0,0,0,0,7,1,8,27.6142857142857,1.28792418982195
"2001/2002",2,2001-05-07,0,3,3,0,6,1,13,27.5857142857143,1.28363026117671
"2001/2002",3,2001-05-14,0,0,2,0,5,1,8,28.7714285714286,1.45409206819496
"2001/2002",4,2001-05-21,0,1,1,0,5,1,8,28.4,1.40271072994705
"2001/2002",5,2001-05-28,0,0,3,0,2,0,5,28.1428571428571,1.36594089839411
"2001/2002",6,2001-06-04,0,0,8,0,4,4,16,28.4857142857143,1.4147611819908
"2001/2002",7,2001-06-11,0,0,7,0,4,1,12,27.8428571428571,1.32201389969462
"2001/2002",8,2001-06-18,0,0,5,0,4,2,11,28.6285714285714,1.43459426841429
"2001/2002",9,2001-06-25,0,0,4,0,11,3,18,28.0285714285714,1.34932712082201
"2001/2002",10,2001-07-02,0,1,3,0,5,1,10,28.4571428571429,1.4107565223495
"2001/2002",11,2001-07-09,0,0,4,0,13,5,22,28.1285714285714,1.36387280304298
"2001/2002",12,2001-07-16,0,0,2,0,12,0,14,28.5428571428571,1.42273305096547
"2001/2002",13,2001-07-23,0,0,5,0,9,2,16,28.2142857142857,1.37624290632599
"2001/2002",14,2001-07-30,0,0,8,0,10,0,18,27.9714285714286,1.34096308127949
"2001/2002",15,2001-08-06,0,1,5,0,15,6,27,28.4,1.40271072994705
"2001/2002",16,2001-08-13,0,0,4,0,28,6,38,28.9285714285714,1.47512206455753
"2001/2002",17,2001-08-20,0,0,12,0,20,3,35,28.4428571428571,1.40874959690055
"2001/2002",18,2001-08-27,0,1,10,0,26,4,41,27.9285714285714,1.33466623370459
"2001/2002",19,2001-09-03,0,0,6,0,38,7,51,28.2142857142857,1.37624290632599
"2001/2002",20,2001-09-10,0,0,10,0,45,10,65,28.1142857142857,1.36180219703005
"2001/2002",21,2001-09-17,0,0,8,0,40,7,55,28.1,1.35972910335148
"2001/2002",22,2001-09-24,0,2,13,0,37,2,54,28.8714285714286,1.46752745801459
"2001/2002",23,2001-10-01,0,0,12,0,43,7,62,28.7285714285714,1.44827943256145
"2001/2002",24,2001-10-08,0,0,7,0,51,6,64,27.3142857142857,1.24252679732557
"2001/2002",25,2001-10-15,0,0,8,0,45,3,56,27.4571428571429,1.26422699229208
"2001/2002",26,2001-10-22,0,1,14,0,45,5,65,27.9714285714286,1.34096308127949
"2001/2002",27,2001-10-29,0,0,10,0,55,6,71,26.8428571428571,1.17010679025994
"2001/2002",28,2001-11-05,0,0,13,0,57,5,75,26.5857142857143,1.13025775762304
"2001/2002",29,2001-11-12,0,0,22,0,41,8,71,26.6142857142857,1.13469279085164
"2001/2002",30,2001-11-19,0,3,13,0,47,9,72,26.3857142857143,1.09918167127526
"2001/2002",31,2001-11-26,0,0,10,0,33,4,47,25.2857142857143,0.92903413497699
"2001/2002",32,2001-12-03,0,1,10,0,11,5,27,26.2428571428571,1.07696887528023
"2001/2002",33,2001-12-10,0,2,15,0,16,2,35,25.7142857142857,0.994951918399627
"2001/2002",34,2001-12-17,0,2,8,0,12,3,25,25.7571428571429,1.00158047964899
"2001/2002",35,2001-12-24,0,1,9,0,8,1,19,25,0.885579164359526
"2001/2002",36,2002-01-01,0,1,12,0,22,2,37,25.4571428571429,0.955310565285697
"2001/2002",37,2002-01-08,0,1,10,0,21,6,38,25.3285714285714,0.935590272347893
"2001/2002",38,2002-01-15,0,0,12,0,18,4,34,26.2142857142857,1.07252646778361
"2001/2002",39,2002-01-22,0,1,6,0,15,4,26,25.6571428571429,0.986122546741598
"2001/2002",40,2002-01-29,0,0,6,0,10,3,19,24.9714285714286,0.881260125602954
"2001/2002",41,2002-02-05,0,0,5,0,13,0,18,25.4142857142857,0.948728844405449
"2001/2002",42,2002-02-12,0,0,7,0,13,2,22,25.7857142857143,1.00600241584611
"2001/2002",43,2002-02-19,0,0,5,0,9,2,16,25.2,0.915949914927946
"2001/2002",44,2002-02-26,0,0,5,0,10,3,18,25.4571428571429,0.955310565285697
"2001/2002",45,2002-03-05,0,0,2,0,4,0,6,25.8428571428571,1.01485271484437
"2001/2002",46,2002-03-12,0,0,3,0,8,1,12,25.7857142857143,1.00600241584611
"2001/2002",47,2002-03-19,0,0,3,0,3,0,6,26.7571428571429,1.1568424630043
"2001/2002",48,2002-03-26,0,0,2,0,4,0,6,26.2285714285714,1.07474763561088
"2001/2002",49,2002-04-02,0,0,1,0,2,0,3,27.1142857142857,1.21193425572253
"2001/2002",50,2002-04-09,0,0,3,0,3,1,7,25.4571428571429,0.955310565285697
"2001/2002",51,2002-04-16,0,0,0,0,4,2,6,25.7,0.992743613694987
"2001/2002",52,2002-04-23,0,0,0,0,1,0,1,26.4571428571429,1.11028507104192
"2002/2003",1,2002-04-30,0,0,1,0,2,0,3,26.4428571428571,1.10806470532745
"2002/2003",2,2002-05-07,0,0,1,0,1,0,2,26.1428571428571,1.06142226417045
"2002/2003",3,2002-05-14,0,0,0,0,2,0,2,27.7142857142857,1.3028977011936
"2002/2003",4,2002-05-21,0,0,0,0,1,0,1,28.1714285714286,1.37006946483868
"2002/2003",5,2002-05-28,0,0,2,0,6,2,10,28.4428571428571,1.40874959690055
"2002/2003",6,2002-06-04,0,0,0,0,2,1,3,28.4571428571429,1.4107565223495
"2002/2003",7,2002-06-11,0,0,1,0,2,0,3,28.5285714285714,1.42074482641994
"2002/2003",8,2002-06-18,0,0,0,0,1,0,1,27.5857142857143,1.28363026117671
"2002/2003",9,2002-06-25,0,0,0,0,0,1,1,28.3428571428571,1.39461759854826
"2002/2003",10,2002-07-02,0,0,0,0,2,0,2,28.1571428571429,1.36800646002977
"2002/2003",11,2002-07-09,0,0,0,0,6,0,6,28.2857142857143,1.38647866511436
"2002/2003",12,2002-07-16,0,0,3,0,0,0,3,28.2285714285714,1.3782954515598
"2002/2003",13,2002-07-23,0,0,1,0,2,0,3,28.4857142857143,1.4147611819908
"2002/2003",14,2002-07-30,0,0,3,0,1,1,5,28.4714285714286,1.41276039217953
"2002/2003",15,2002-08-06,0,1,1,0,2,0,4,28.7428571428571,1.4502205413413
"2002/2003",16,2002-08-13,0,0,1,0,6,0,7,28,1.34514971259517
"2002/2003",17,2002-08-20,0,0,2,0,3,1,6,28.6428571428571,1.43655955053467
"2002/2003",18,2002-08-27,0,0,3,0,1,1,5,27.5,1.27070890408178
"2002/2003",19,2002-09-03,0,0,4,0,3,0,7,29.1571428571429,1.50486059229712
"2002/2003",20,2002-09-10,0,0,4,0,2,0,6,28.6571428571429,1.43852145516773
"2002/2003",21,2002-09-17,0,0,2,0,1,1,4,28.2,1.37418771124248
"2002/2003",22,2002-09-24,0,0,1,0,2,1,4,27.7714285714286,1.31141339049697
"2002/2003",23,2002-10-01,0,0,1,0,2,4,7,27.9428571428571,1.33676740650384
"2002/2003",24,2002-10-08,0,0,1,0,8,0,9,27.5428571428571,1.2771768462256
"2002/2003",25,2002-10-15,0,0,1,0,4,0,5,27.9857142857143,1.34305753857536
"2002/2003",26,2002-10-22,0,0,1,0,3,1,5,27.5428571428571,1.2771768462256
"2002/2003",27,2002-10-29,0,0,1,0,7,2,10,27.3857142857143,1.25339426274098
"2002/2003",28,2002-11-05,0,0,2,0,4,0,6,27.3142857142857,1.24252679732557
"2002/2003",29,2002-11-12,0,0,2,0,10,1,13,27.2142857142857,1.22725874399029
"2002/2003",30,2002-11-19,0,0,0,0,6,0,6,26.9857142857143,1.19215906471492
"2002/2003",31,2002-11-26,0,0,0,0,2,3,5,26.4285714285714,1.10584416579844
"2002/2003",32,2002-12-03,0,0,2,0,3,0,5,26.0714285714286,1.05032223433531
"2002/2003",33,2002-12-10,0,0,4,0,5,0,9,25.9285714285714,1.02814246799272
"2002/2003",34,2002-12-17,0,0,1,0,2,0,3,25.7,0.992743613694987
"2002/2003",35,2002-12-24,0,1,0,0,4,1,6,25.5285714285714,0.966297270524
"2002/2003",36,2003-01-01,0,2,1,0,8,0,11,25.4285714285714,0.95092186137057
"2002/2003",37,2003-01-08,0,1,1,0,5,0,7,25.6714285714286,0.988328913647678
"2002/2003",38,2003-01-15,0,0,1,0,5,1,7,25.7714285714286,1.00379116784409
"2002/2003",39,2003-01-22,0,0,1,0,12,2,15,25.1714285714286,0.911597197055485
"2002/2003",40,2003-01-29,0,1,1,0,7,0,9,25.1714285714286,0.911597197055485
"2002/2003",41,2003-02-05,0,0,1,0,4,1,6,25.3857142857143,0.944345547338659
"2002/2003",42,2003-02-12,0,0,2,0,4,0,6,25.7428571428571,0.999370365733435
"2002/2003",43,2003-02-19,0,0,3,0,3,0,6,25.5571428571429,0.970697645167061
"2002/2003",44,2003-02-26,0,0,2,0,5,0,7,25.4857142857143,0.959702739483508
"2002/2003",45,2003-03-05,0,0,2,0,7,1,10,26.4714285714286,1.11250524617283
"2002/2003",46,2003-03-12,0,0,1,0,7,0,8,26.6857142857143,1.14577344868655
"2002/2003",47,2003-03-19,0,0,5,0,2,0,7,27.0428571428571,1.20095731545707
"2002/2003",48,2003-03-26,0,1,2,0,7,2,12,26.3428571428571,1.09251821138159
"2002/2003",49,2003-04-02,0,0,0,0,3,0,3,26.3142857142857,1.0880755882897
"2002/2003",50,2003-04-09,0,0,0,0,2,0,2,26.3571428571429,1.09473944440409
"2002/2003",51,2003-04-16,1,2,1,0,3,0,7,25.4285714285714,0.95092186137057
"2002/2003",52,2003-04-23,0,1,2,0,2,0,5,27.3285714285714,1.24470294877567
"2003/2004",1,2003-04-30,0,0,1,0,4,0,5,27.3714285714286,1.25122346803163
"2003/2004",2,2003-05-07,0,0,2,0,5,0,7,26.9857142857143,1.19215906471492
"2003/2004",3,2003-05-14,0,0,3,0,4,0,7,27.0857142857143,1.20754639515967
"2003/2004",4,2003-05-21,0,0,2,0,5,0,7,27.8714285714286,1.32623982506846
"2003/2004",5,2003-05-28,0,0,4,0,3,0,7,27.9428571428571,1.33676740650384
"2003/2004",6,2003-06-04,0,0,3,0,6,1,10,27.4,1.25556366812301
"2003/2004",7,2003-06-11,0,0,9,0,3,1,13,27.4714285714286,1.26638914750255
"2003/2004",8,2003-06-18,0,1,4,0,5,0,10,28.1571428571429,1.36800646002977
"2003/2004",9,2003-06-25,0,2,2,0,10,0,14,28.4285714285714,1.40673964017305
"2003/2004",10,2003-07-02,0,0,2,0,9,0,11,28.1571428571429,1.36800646002977
"2003/2004",11,2003-07-09,0,0,0,0,18,2,20,27.4857142857143,1.26854979159486
"2003/2004",12,2003-07-16,0,0,0,0,22,3,25,28.0142857142857,1.34723958085698
"2003/2004",13,2003-07-23,0,0,2,0,15,0,17,28.0857142857143,1.35765354494597
"2003/2004",14,2003-07-30,0,0,3,0,13,2,18,27.9428571428571,1.33676740650384
"2003/2004",15,2003-08-06,0,1,9,0,15,0,25,27.9571428571429,1.3388663631328
"2003/2004",16,2003-08-13,0,2,5,0,13,1,21,28.2,1.37418771124248
"2003/2004",17,2003-08-20,0,0,9,0,20,2,31,27.7857142857143,1.31353748468296
"2003/2004",18,2003-08-27,0,2,7,0,22,1,32,27.8142857142857,1.31777972800826
"2003/2004",19,2003-09-03,0,1,3,0,21,1,26,28.8,1.45794916974685
"2003/2004",20,2003-09-10,0,2,5,0,25,3,35,28.9571428571429,1.47889611650251
"2003/2004",21,2003-09-17,0,0,5,0,19,4,28,27.8285714285714,1.31989783370245
"2003/2004",22,2003-09-24,0,2,10,0,24,1,37,28.6857142857143,1.44243503118723
"2003/2004",23,2003-10-01,0,1,10,0,29,1,41,27.9,1.33045732856074
"2003/2004",24,2003-10-08,0,0,6,0,26,2,34,27.4142857142857,1.25773166401372
"2003/2004",25,2003-10-15,0,0,9,0,19,2,30,27.7,1.30076405822912
"2003/2004",26,2003-10-22,0,0,10,0,27,2,39,27.9571428571429,1.3388663631328
"2003/2004",27,2003-10-29,0,4,9,0,24,2,39,27.3,1.24034935656515
"2003/2004",28,2003-11-05,0,1,4,0,27,7,39,27.0285714285714,1.19875908770531
"2003/2004",29,2003-11-12,0,0,2,0,28,4,34,26.3571428571429,1.09473944440409
"2003/2004",30,2003-11-19,0,0,3,0,19,8,30,25.7571428571429,1.00158047964899
"2003/2004",31,2003-11-26,0,0,2,0,23,12,37,26.2285714285714,1.07474763561088
"2003/2004",32,2003-12-03,0,1,6,0,17,5,29,25.6857142857143,0.990535940697226
"2003/2004",33,2003-12-10,0,2,4,0,15,5,26,25.8714285714286,1.01928084347825
"2003/2004",34,2003-12-17,0,2,1,0,7,5,15,25.9428571428571,1.03035890535521
"2003/2004",35,2003-12-24,0,2,6,0,8,6,22,24.9,0.870485495430572
"2003/2004",36,2004-01-01,0,3,2,0,8,2,15,24.3571428571429,0.789811389545507
"2003/2004",37,2004-01-08,0,1,5,0,10,4,20,24.4285714285714,0.800292337434703
"2003/2004",38,2004-01-15,0,1,4,0,6,3,14,24.7142857142857,0.842634178906503
"2003/2004",39,2004-01-22,0,2,2,0,6,0,10,24.4571428571429,0.80449686548068
"2003/2004",40,2004-01-29,0,0,6,0,14,1,21,25.1,0.90073536858587
"2003/2004",41,2004-02-05,0,1,3,0,5,5,14,24.8571428571429,0.864036940635057
"2003/2004",42,2004-02-12,0,0,4,0,8,2,14,25.0428571428571,0.89206726517948
"2003/2004",43,2004-02-19,0,0,4,0,4,1,9,24.3142857142857,0.783544058312474
"2003/2004",44,2004-02-26,0,2,4,0,5,0,11,25.2285714285714,0.92030704521206
"2003/2004",45,2004-03-04,0,1,1,0,3,0,5,25.6714285714286,0.988328913647678
"2003/2004",46,2004-03-11,0,2,1,0,3,0,6,25.8142857142857,1.01042653314815
"2003/2004",47,2004-03-18,0,0,1,0,6,0,7,25.4142857142857,0.948728844405449
"2003/2004",48,2004-03-25,0,3,3,0,5,0,11,24.5571428571429,0.819265848163409
"2003/2004",49,2004-04-01,0,0,0,0,4,0,4,25.8428571428571,1.01485271484437
"2003/2004",50,2004-04-08,0,1,1,0,1,0,3,25.8857142857143,1.02149560098727
"2003/2004",51,2004-04-15,0,0,1,0,1,0,2,25.8,1.00821420913598
"2003/2004",52,2004-04-22,0,2,1,0,2,1,6,26.4428571428571,1.10806470532745
"2004/2005",1,2004-04-29,0,3,2,0,4,1,10,26.1428571428571,1.06142226417045
"2004/2005",2,2004-05-06,0,1,0,0,5,1,7,26.8142857142857,1.1656878039301
"2004/2005",3,2004-05-13,0,1,2,0,2,0,5,25.8714285714286,1.01928084347825
"2004/2005",4,2004-05-20,0,0,0,0,3,0,3,25.1428571428571,0.907248992721253
"2004/2005",5,2004-05-27,0,1,3,0,7,1,12,28.2857142857143,1.38647866511436
"2004/2005",6,2004-06-03,0,1,0,0,11,1,13,27.9142857142857,1.33256286699054
"2004/2005",7,2004-06-10,0,0,1,0,9,0,10,28.3,1.3885176089276
"2004/2005",8,2004-06-17,0,2,3,0,6,2,13,28.6,1.43065367213244
"2004/2005",9,2004-06-24,0,2,1,0,8,2,13,28.1571428571429,1.36800646002977
"2004/2005",10,2004-07-01,0,0,3,0,5,0,8,27.8,1.31565960441829
"2004/2005",11,2004-07-08,0,1,1,0,17,2,21,28.1142857142857,1.36180219703005
"2004/2005",12,2004-07-15,0,2,1,0,15,0,18,28.1571428571429,1.36800646002977
"2004/2005",13,2004-07-22,0,0,0,0,8,0,8,28.0285714285714,1.34932712082201
"2004/2005",14,2004-07-29,0,1,1,0,5,0,7,28.5285714285714,1.42074482641994
"2004/2005",15,2004-08-05,0,5,1,0,14,0,20,29.3142857142857,1.52467049516825
"2004/2005",16,2004-08-12,0,1,1,0,12,0,14,28.7857142857143,1.45602243499138
"2004/2005",17,2004-08-19,0,4,2,0,8,0,14,29.1428571428571,1.5030332029096
"2004/2005",18,2004-08-26,0,3,2,0,2,0,7,28.6142857142857,1.43262563392694
"2004/2005",19,2004-09-02,0,3,1,0,8,2,14,28.8857142857143,1.4694318567216
"2004/2005",20,2004-09-09,0,2,1,0,7,0,10,28.0714285714286,1.35557554469483
"2004/2005",21,2004-09-16,0,1,2,0,6,4,13,27.9428571428571,1.33676740650384
"2004/2005",22,2004-09-23,0,4,2,0,18,3,27,28.7285714285714,1.44827943256145
"2004/2005",23,2004-09-30,0,2,1,0,9,1,13,28.3857142857143,1.40069182483274
"2004/2005",24,2004-10-07,0,5,2,0,10,1,18,28.1285714285714,1.36387280304298
"2004/2005",25,2004-10-14,0,2,3,0,10,1,16,28.3142857142857,1.39055376161441
"2004/2005",26,2004-10-21,0,4,1,0,8,3,16,27.1714285714286,1.22069762737545
"2004/2005",27,2004-10-28,0,4,3,0,13,0,20,27.1,1.2097408240492
"2004/2005",28,2004-11-04,0,3,2,0,11,1,17,26.9285714285714,1.1833472728697
"2004/2005",29,2004-11-11,0,1,1,0,2,0,4,26.4,1.10140263212641
"2004/2005",30,2004-11-18,0,3,0,0,11,1,15,26.1285714285714,1.05920186145615
"2004/2005",31,2004-11-25,0,1,0,0,6,1,8,25.4142857142857,0.948728844405449
"2004/2005",32,2004-12-02,0,1,0,0,5,0,6,25.4285714285714,0.950921861370571
"2004/2005",33,2004-12-09,0,1,1,0,10,0,12,26.3571428571429,1.09473944440409
"2004/2005",34,2004-12-16,0,2,1,0,12,0,15,26.2714285714286,1.08141150595131
"2004/2005",35,2004-12-23,0,3,1,0,7,0,11,25.1285714285714,0.905076614540418
"2004/2005",36,2005-01-01,0,2,2,0,5,1,10,25.0857142857143,0.898566525654484
"2004/2005",37,2005-01-08,0,5,0,0,8,2,15,25.2571428571429,0.924668486075225
"2004/2005",38,2005-01-15,0,2,2,0,12,1,17,24.4714285714286,0.806601691302752
"2004/2005",39,2005-01-22,0,3,1,0,2,1,7,23.8,0.709679426835229
"2004/2005",40,2005-01-29,0,2,1,0,4,0,7,23.1857142857143,0.625117708427776
"2004/2005",41,2005-02-05,0,2,0,0,6,0,8,23.1,0.613669353602443
"2004/2005",42,2005-02-12,0,3,1,0,5,0,9,24.3571428571429,0.789811389545507
"2004/2005",43,2005-02-19,0,1,0,0,10,1,12,24.3857142857143,0.793998510423914
"2004/2005",44,2005-02-26,0,2,0,0,9,1,12,25.8714285714286,1.01928084347825
"2004/2005",45,2005-03-05,0,1,0,0,4,0,5,26.0571428571429,1.04810290138686
"2004/2005",46,2005-03-12,0,1,1,0,2,0,4,26.0285714285714,1.0436650324764
"2004/2005",47,2005-03-19,0,1,0,0,8,2,11,27.2571428571429,1.23380949658908
"2004/2005",48,2005-03-26,0,1,0,0,3,0,4,27.0428571428571,1.20095731545707
"2004/2005",49,2005-04-02,0,1,0,0,3,1,5,27.5,1.27070890408178
"2004/2005",50,2005-04-09,0,3,0,0,4,0,7,27.8,1.31565960441829
"2004/2005",51,2005-04-16,0,0,0,0,1,0,1,27.2285714285714,1.22944350576311
"2004/2005",52,2005-04-23,0,1,0,0,0,0,1,27.6428571428571,1.2922112446742
"2005/2006",1,2005-04-30,0,2,0,0,2,0,4,27,1.19435994356799
"2005/2006",2,2005-05-07,0,0,0,0,1,1,2,26.8,1.1634773627189
"2005/2006",3,2005-05-14,0,3,0,0,2,1,6,27.0714285714286,1.20535098810634
"2005/2006",4,2005-05-21,0,0,0,0,3,0,3,29.0428571428571,1.49012272530501
"2005/2006",5,2005-05-28,0,1,0,0,3,0,4,28.9,1.47133244154225
"2005/2006",6,2005-06-04,0,3,1,0,6,0,10,28.0428571428571,1.35141230989459
"2005/2006",7,2005-06-11,0,3,0,0,9,0,12,28.7714285714286,1.45409206819496
"2005/2006",8,2005-06-18,0,6,1,0,13,1,21,29.7142857142857,1.57247993934308
"2005/2006",9,2005-06-25,0,8,0,0,15,3,26,28.7,1.44438665202942
"2005/2006",10,2005-07-02,0,6,1,0,13,1,21,28.9142857142857,1.47322918625039
"2005/2006",11,2005-07-09,0,6,0,0,21,3,30,28.2142857142857,1.37624290632599
"2005/2006",12,2005-07-16,0,5,0,0,37,3,45,28.5285714285714,1.42074482641994
"2005/2006",13,2005-07-23,0,5,1,0,45,5,56,29.1571428571429,1.50486059229712
"2005/2006",14,2005-07-30,0,9,2,0,60,4,75,29.3428571428571,1.52821321801518
"2005/2006",15,2005-08-06,0,20,1,0,58,4,83,29.3714285714286,1.53173720255975
"2005/2006",16,2005-08-13,0,12,2,0,60,8,82,28.5857142857143,1.42867840803016
"2005/2006",17,2005-08-20,0,13,3,0,93,17,126,27.6285714285714,1.29006858698119
"2005/2006",18,2005-08-27,0,17,1,0,80,21,119,28.8285714285714,1.46179163990358
"2005/2006",19,2005-09-03,0,20,7,0,92,18,137,29.1142857142857,1.49936556469721
"2005/2006",20,2005-09-10,0,30,3,0,88,10,131,28.9142857142857,1.47322918625039
"2005/2006",21,2005-09-17,0,27,2,0,71,12,112,28.4142857142857,1.40472667644798
"2005/2006",22,2005-09-24,0,14,6,0,54,8,82,28.8,1.45794916974685
"2005/2006",23,2005-10-01,0,15,2,0,53,3,73,27.1571428571429,1.21850837613704
"2005/2006",24,2005-10-08,0,7,2,0,33,1,43,26.9428571428571,1.18555142512556
"2005/2006",25,2005-10-15,0,9,2,0,44,0,55,28.6,1.43065367213244
"2005/2006",26,2005-10-22,0,16,4,1,32,2,55,27.9142857142857,1.33256286699054
"2005/2006",27,2005-10-29,0,8,4,0,39,2,53,28.1428571428571,1.36594089839411
"2005/2006",28,2005-11-05,0,9,0,0,34,3,46,27.1571428571429,1.21850837613704
"2005/2006",29,2005-11-12,0,8,0,0,28,7,43,27.0285714285714,1.19875908770531
"2005/2006",30,2005-11-19,0,4,0,0,25,0,29,26.2714285714286,1.08141150595131
"2005/2006",31,2005-11-26,0,8,2,0,12,0,22,25.5285714285714,0.966297270524
"2005/2006",32,2005-12-03,0,12,1,0,11,2,26,25.3,0.931218505204458
"2005/2006",33,2005-12-10,0,6,0,0,7,0,13,24.8,0.855458450925865
"2005/2006",34,2005-12-17,0,10,1,0,6,0,17,24.3571428571429,0.789811389545507
"2005/2006",35,2005-12-24,0,3,0,0,5,0,8,24.5857142857143,0.823500388639627
"2005/2006",36,2006-01-01,0,4,1,0,8,0,13,24.1428571428571,0.758640042508749
"2005/2006",37,2006-01-08,0,3,0,0,7,0,10,24.7428571428571,0.84690301955817
"2005/2006",38,2006-01-15,0,8,0,0,8,1,17,24.4142857142857,0.798192656060301
"2005/2006",39,2006-01-22,0,11,2,0,6,0,19,23.5714285714286,0.677716975027862
"2005/2006",40,2006-01-29,0,4,1,0,4,0,9,23.5285714285714,0.671787877156543
"2005/2006",41,2006-02-05,0,3,1,0,4,1,9,24.6142857142857,0.827741363130464
"2005/2006",42,2006-02-12,0,4,1,0,4,0,9,25.0142857142857,0.887740604369175
"2005/2006",43,2006-02-19,0,2,1,0,0,0,3,25.0714285714286,0.896398885908985
"2005/2006",44,2006-02-26,0,6,0,0,0,1,7,25.5857142857143,0.975101107978662
"2005/2006",45,2006-03-05,0,2,2,0,3,0,7,25.4285714285714,0.95092186137057
"2005/2006",46,2006-03-12,0,0,0,0,0,0,0,25.6428571428571,0.983916854128214
"2005/2006",47,2006-03-19,0,0,0,0,1,1,2,26.1714285714286,1.06586355499315
"2005/2006",48,2006-03-26,0,1,1,0,1,0,3,26.1,1.05476161991768
"2005/2006",49,2006-04-02,0,2,0,0,1,0,3,25.5428571428571,0.968497064927202
"2005/2006",50,2006-04-09,0,0,1,0,0,0,1,26.6285714285714,1.13690974865474
"2005/2006",51,2006-04-16,0,1,0,0,2,0,3,26.3428571428571,1.09251821138159
"2005/2006",52,2006-04-23,0,2,0,0,1,0,3,26.5285714285714,1.12138370375304
"2006/2007",1,2006-04-30,0,2,0,0,1,0,3,25.7857142857143,1.00600241584611
"2006/2007",2,2006-05-07,0,2,0,0,4,1,7,27.5285714285714,1.27502245201982
"2006/2007",3,2006-05-14,0,1,0,0,2,0,3,28.7,1.44438665202942
"2006/2007",4,2006-05-21,0,1,0,0,3,1,5,28.9571428571429,1.47889611650251
"2006/2007",5,2006-05-28,0,3,2,0,5,1,11,28.5285714285714,1.42074482641994
"2006/2007",6,2006-06-04,0,1,0,0,4,0,5,29.3428571428571,1.52821321801518
"2006/2007",7,2006-06-11,0,1,0,0,4,0,5,27.6428571428571,1.2922112446742
"2006/2007",8,2006-06-18,0,3,1,0,2,0,6,27.8,1.31565960441829
"2006/2007",9,2006-06-25,0,2,1,0,3,0,6,28.4428571428571,1.40874959690055
"2006/2007",10,2006-07-02,0,0,0,0,4,0,4,27.9714285714286,1.34096308127949
"2006/2007",11,2006-07-09,0,3,0,0,1,0,4,27.3571428571429,1.24905130410533
"2006/2007",12,2006-07-16,0,2,0,0,6,0,8,28.1857142857143,1.37212988965183
"2006/2007",13,2006-07-23,0,6,4,0,4,0,14,28.2714285714286,1.38443695386663
"2006/2007",14,2006-07-30,0,3,3,0,6,0,12,27.3571428571429,1.24905130410533
"2006/2007",15,2006-08-06,0,7,0,0,8,1,16,28.4285714285714,1.40673964017305
"2006/2007",16,2006-08-13,0,2,0,0,8,0,10,27.9571428571429,1.3388663631328
"2006/2007",17,2006-08-20,0,5,3,0,8,0,16,28.3285714285714,1.39258709942432
"2006/2007",18,2006-08-27,0,4,5,0,7,2,18,28.2571428571429,1.38239249881791
"2006/2007",19,2006-09-03,0,5,1,1,6,2,15,28.5,1.41675886732394
"2006/2007",20,2006-09-10,0,3,7,0,12,1,23,28.7857142857143,1.45602243499138
"2006/2007",21,2006-09-17,0,7,4,0,6,0,17,29.0714285714286,1.49383236732501
"2006/2007",22,2006-09-24,0,12,6,0,13,2,33,28.9142857142857,1.47322918625039
"2006/2007",23,2006-10-01,0,4,3,0,8,0,15,28.6857142857143,1.44243503118723
"2006/2007",24,2006-10-08,0,4,5,0,3,1,13,28.2,1.37418771124248
"2006/2007",25,2006-10-15,0,5,2,0,4,0,11,28.4285714285714,1.40673964017305
"2006/2007",26,2006-10-22,1,6,2,0,4,1,14,28.3714285714286,1.39866998520844
"2006/2007",27,2006-10-29,0,1,5,0,11,0,17,28.2142857142857,1.37624290632599
"2006/2007",28,2006-11-05,0,5,5,0,8,1,19,27.5428571428571,1.2771768462256
"2006/2007",29,2006-11-12,0,5,4,1,9,1,20,26.5571428571429,1.12582134941583
"2006/2007",30,2006-11-19,0,4,1,0,7,0,12,27.7714285714286,1.31141339049697
"2006/2007",31,2006-11-26,0,6,6,0,9,0,21,26.4428571428571,1.10806470532745
"2006/2007",32,2006-12-03,0,3,3,0,1,0,7,26.2857142857143,1.083632864735
"2006/2007",33,2006-12-10,0,2,6,0,10,1,19,26,1.03922832872714
"2006/2007",34,2006-12-17,0,2,4,0,2,2,10,26.0428571428571,1.04588382896304
"2006/2007",35,2006-12-24,0,2,5,0,5,1,13,25.4714285714286,0.95750622534912
"2006/2007",36,2007-01-01,0,1,5,0,4,0,10,25.1,0.90073536858587
"2006/2007",37,2007-01-08,0,1,2,0,3,2,8,24.9285714285714,0.874791350740936
"2006/2007",38,2007-01-15,0,3,6,0,10,2,21,25.0714285714286,0.896398885908985
"2006/2007",39,2007-01-22,0,5,1,1,3,1,11,25.1142857142857,0.902905402347605
"2006/2007",40,2007-01-29,0,2,2,0,4,1,9,25.4571428571429,0.955310565285697
"2006/2007",41,2007-02-05,0,4,5,0,5,0,14,26.1142857142857,1.05698164148813
"2006/2007",42,2007-02-12,0,6,4,0,4,0,14,26.3857142857143,1.09918167127526
"2006/2007",43,2007-02-19,0,3,7,0,5,0,15,25.5,0.961900094132657
"2006/2007",44,2007-02-26,0,4,8,0,5,1,18,26.7142857142857,1.15020257495022
"2006/2007",45,2007-03-05,0,3,7,0,6,0,16,26.6857142857143,1.14577344868655
"2006/2007",46,2007-03-12,0,5,0,0,6,1,12,26.6857142857143,1.14577344868655
"2006/2007",47,2007-03-19,0,7,4,0,8,1,20,27.2571428571429,1.23380949658908
"2006/2007",48,2007-03-26,0,3,1,0,4,0,8,25.8285714285714,1.01263937327052
"2006/2007",49,2007-04-02,0,0,1,0,2,0,3,26.1,1.05476161991768
"2006/2007",50,2007-04-09,0,2,2,0,8,1,13,27.5428571428571,1.2771768462256
"2006/2007",51,2007-04-16,0,1,1,0,2,0,4,27.5428571428571,1.2771768462256
"2006/2007",52,2007-04-23,0,0,0,0,1,0,1,25.7,0.992743613694987
"2007/2008",1,2007-04-30,0,6,0,0,4,0,10,27.2142857142857,1.22725874399029
"2007/2008",2,2007-05-07,0,3,3,0,2,0,8,28.8428571428571,1.46370732353487
"2007/2008",3,2007-05-14,0,0,6,0,7,0,13,28.8285714285714,1.46179163990358
"2007/2008",4,2007-05-21,0,0,4,0,6,0,10,28.4142857142857,1.40472667644798
"2007/2008",5,2007-05-28,0,1,13,0,6,1,21,29.1142857142857,1.49936556469721
"2007/2008",6,2007-06-04,0,3,7,0,7,1,18,28.6714285714286,1.44047995713249
"2007/2008",7,2007-06-11,0,4,7,0,9,1,21,28.9714285714286,1.48077723725072
"2007/2008",8,2007-06-18,0,6,13,0,12,3,34,29.2714285714286,1.51932176935152
"2007/2008",9,2007-06-25,0,4,4,1,13,3,25,28.8,1.45794916974685
"2007/2008",10,2007-07-02,2,3,9,0,18,2,34,28.7571428571429,1.45215809508847
"2007/2008",11,2007-07-09,1,6,11,1,11,3,33,28.8857142857143,1.4694318567216
"2007/2008",12,2007-07-16,2,7,21,0,9,1,40,28.4857142857143,1.4147611819908
"2007/2008",13,2007-07-23,5,10,20,0,6,1,42,28.7571428571429,1.45215809508847
"2007/2008",14,2007-07-30,0,3,23,0,7,3,36,28.5428571428571,1.42273305096547
"2007/2008",15,2007-08-06,2,9,35,0,23,3,72,28.2571428571429,1.38239249881791
"2007/2008",16,2007-08-13,8,14,28,2,21,2,75,28.5285714285714,1.42074482641994
"2007/2008",17,2007-08-20,5,14,34,3,19,1,76,28.5142857142857,1.4187534236599
"2007/2008",18,2007-08-27,7,6,53,5,16,5,92,28.2428571428571,1.38034532354334
"2007/2008",19,2007-09-03,6,14,34,1,12,4,71,28.7,1.44438665202942
"2007/2008",20,2007-09-10,10,13,58,1,26,4,112,28.4714285714286,1.41276039217953
"2007/2008",21,2007-09-17,9,6,52,0,37,2,106,28.1714285714286,1.37006946483868
"2007/2008",22,2007-09-24,6,15,48,1,27,4,101,27.9,1.33045732856074
"2007/2008",23,2007-10-01,13,23,74,3,45,12,170,28.1285714285714,1.36387280304298
"2007/2008",24,2007-10-08,7,19,59,0,45,5,135,29.0857142857143,1.49568096224806
"2007/2008",25,2007-10-15,10,13,41,0,37,5,106,28.1285714285714,1.36387280304298
"2007/2008",26,2007-10-22,7,6,25,3,20,7,68,26.3714285714286,1.0969606031934
"2007/2008",27,2007-10-29,2,4,8,0,29,5,48,27.5142857142857,1.27286646442195
"2007/2008",28,2007-11-05,2,5,27,0,12,2,48,26.6142857142857,1.13469279085164
"2007/2008",29,2007-11-12,0,0,9,0,15,2,26,27.1714285714286,1.22069762737545
"2007/2008",30,2007-11-19,1,2,8,0,17,5,33,25.3285714285714,0.935590272347893
"2007/2008",31,2007-11-26,3,0,10,0,16,0,29,25.8428571428571,1.01485271484437
"2007/2008",32,2007-12-03,1,1,4,0,11,0,17,25.8857142857143,1.02149560098727
"2007/2008",33,2007-12-10,0,0,1,0,10,1,12,25,0.885579164359526
"2007/2008",34,2007-12-17,2,0,1,1,9,0,13,25.1714285714286,0.911597197055485
"2007/2008",35,2007-12-24,1,0,1,1,12,2,17,25.3857142857143,0.944345547338659
"2007/2008",36,2008-01-01,0,2,2,0,11,0,15,24.9714285714286,0.881260125602954
"2007/2008",37,2008-01-08,1,1,6,0,6,0,14,24.4285714285714,0.800292337434703
"2007/2008",38,2008-01-15,2,0,5,0,8,0,15,24.5285714285714,0.815037828082606
"2007/2008",39,2008-01-22,1,0,6,0,3,0,10,24.5714285714286,0.821382308735263
"2007/2008",40,2008-01-29,1,0,2,0,6,0,9,24.2142857142857,0.768983995156912
"2007/2008",41,2008-02-05,1,0,0,0,1,0,2,24.8,0.855458450925865
"2007/2008",42,2008-02-12,1,0,1,0,4,0,6,24.9,0.870485495430572
"2007/2008",43,2008-02-19,1,0,1,0,6,0,8,24.7428571428571,0.84690301955817
"2007/2008",44,2008-02-26,1,0,1,0,3,0,5,25.1142857142857,0.902905402347605
"2007/2008",45,2008-03-04,1,0,0,0,0,0,1,25.3285714285714,0.935590272347893
"2007/2008",46,2008-03-11,1,0,0,0,1,0,2,25.2,0.915949914927946
"2007/2008",47,2008-03-18,0,0,2,0,1,0,3,25.0428571428571,0.89206726517948
"2007/2008",48,2008-03-25,0,1,1,0,2,0,4,26.2428571428571,1.07696887528023
"2007/2008",49,2008-04-01,0,0,0,0,2,1,3,25,0.885579164359526
"2007/2008",50,2008-04-08,0,0,0,0,1,0,1,25.3142857142857,0.933403888667242
"2007/2008",51,2008-04-15,0,1,2,0,0,0,3,27.0428571428571,1.20095731545707
"2007/2008",52,2008-04-22,2,0,1,0,2,0,5,26.5285714285714,1.12138370375304
"2008/2009",1,2008-04-29,0,0,1,0,1,0,2,26.0714285714286,1.05032223433531
"2008/2009",2,2008-05-06,1,0,0,0,2,0,3,27.9285714285714,1.33466623370459
"2008/2009",3,2008-05-13,0,0,0,0,2,0,2,28.0571428571429,1.3534951254221
"2008/2009",4,2008-05-20,1,0,0,0,2,0,3,27.6142857142857,1.28792418982195
"2008/2009",5,2008-05-27,1,0,0,0,1,0,2,28,1.34514971259517
"2008/2009",6,2008-06-03,0,0,0,0,2,0,2,27.4,1.25556366812301
"2008/2009",7,2008-06-10,0,1,1,0,1,0,3,28.7571428571429,1.45215809508847
"2008/2009",8,2008-06-17,0,0,2,0,2,0,4,28.6571428571429,1.43852145516773
"2008/2009",9,2008-06-24,0,0,0,0,3,0,3,28.4571428571429,1.4107565223495
"2008/2009",10,2008-07-01,2,0,1,0,1,0,4,27.7142857142857,1.3028977011936
"2008/2009",11,2008-07-08,0,0,1,0,3,0,4,28.7857142857143,1.45602243499138
"2008/2009",12,2008-07-15,3,0,1,0,0,0,4,28.6857142857143,1.44243503118723
"2008/2009",13,2008-07-22,2,0,0,0,5,0,7,28.9857142857143,1.48265438581846
"2008/2009",14,2008-07-29,1,1,1,0,3,0,6,28.3571428571429,1.39664523511848
"2008/2009",15,2008-08-05,3,0,2,0,10,0,15,29.2142857142857,1.51212664581134
"2008/2009",16,2008-08-12,3,1,0,0,7,0,11,28.9714285714286,1.48077723725072
"2008/2009",17,2008-08-19,1,1,0,1,6,0,9,28.8571428571429,1.4656192715851
"2008/2009",18,2008-08-26,1,0,1,0,7,0,9,29.3571428571429,1.5299775667036
"2008/2009",19,2008-09-02,3,0,2,0,7,0,12,28.3857142857143,1.40069182483274
"2008/2009",20,2008-09-09,3,0,4,0,6,0,13,28.2285714285714,1.3782954515598
"2008/2009",21,2008-09-16,1,0,1,0,11,0,13,27.4,1.25556366812301
"2008/2009",22,2008-09-23,1,0,1,0,11,0,13,28.3571428571429,1.39664523511848
"2008/2009",23,2008-09-30,3,1,3,0,12,1,20,28.1714285714286,1.37006946483868
"2008/2009",24,2008-10-07,9,2,1,0,16,0,28,27.2142857142857,1.22725874399029
"2008/2009",25,2008-10-14,17,2,2,0,24,0,45,27.0142857142857,1.19655995747822
"2008/2009",26,2008-10-21,9,5,2,0,12,0,28,27.6428571428571,1.2922112446742
"2008/2009",27,2008-10-28,9,1,4,1,19,0,34,27.6142857142857,1.28792418982195
"2008/2009",28,2008-11-04,11,2,4,0,24,0,41,27.3857142857143,1.25339426274098
"2008/2009",29,2008-11-11,19,1,1,0,13,2,36,26.8142857142857,1.1656878039301
"2008/2009",30,2008-11-18,19,5,2,0,12,0,38,26.4857142857143,1.11472521390187
"2008/2009",31,2008-11-25,26,1,2,0,19,0,48,25.2285714285714,0.92030704521206
"2008/2009",32,2008-12-02,13,1,1,1,11,0,27,25.5571428571429,0.970697645167061
"2008/2009",33,2008-12-09,14,1,1,0,6,1,23,26.2714285714286,1.08141150595131
"2008/2009",34,2008-12-16,13,3,2,0,10,0,28,25.0714285714286,0.896398885908985
"2008/2009",35,2008-12-23,20,3,0,0,19,0,42,25.4,0.946536735284571
"2008/2009",36,2009-01-01,15,0,2,0,13,0,30,25.4571428571429,0.955310565285697
"2008/2009",37,2009-01-08,10,0,0,0,8,0,18,25.7285714285714,0.997160840523668
"2008/2009",38,2009-01-15,25,1,0,0,12,0,38,26.4285714285714,1.10584416579844
"2008/2009",39,2009-01-22,16,1,1,0,10,0,28,25.6142857142857,0.979507548146685
"2008/2009",40,2009-01-29,21,1,1,0,13,0,36,25.7857142857143,1.00600241584611
"2008/2009",41,2009-02-05,27,2,0,0,15,0,44,25.0714285714286,0.896398885908985
"2008/2009",42,2009-02-12,27,1,0,0,13,0,41,24.9142857142857,0.872637749054869
"2008/2009",43,2009-02-19,21,1,0,1,12,0,35,25.5,0.961900094132657
"2008/2009",44,2009-02-26,13,0,0,0,15,0,28,26.1285714285714,1.05920186145615
"2008/2009",45,2009-03-05,16,1,0,0,11,0,28,25.1,0.90073536858587
"2008/2009",46,2009-03-12,12,0,0,0,10,0,22,24.8571428571429,0.864036940635057
"2008/2009",47,2009-03-19,14,0,0,0,12,0,26,25.2571428571429,0.924668486075225
"2008/2009",48,2009-03-26,11,0,0,0,13,0,24,25.2571428571429,0.924668486075225
"2008/2009",49,2009-04-02,4,0,0,1,4,0,9,25.9857142857143,1.03701045205206
"2008/2009",50,2009-04-09,13,0,0,1,7,0,21,26.4857142857143,1.11472521390187
"2008/2009",51,2009-04-16,7,0,0,0,3,0,10,27.2285714285714,1.22944350576311
"2008/2009",52,2009-04-23,11,0,0,1,3,0,15,26.3,1.08585423092459
"2009/2010",1,2009-04-30,9,0,0,0,4,0,13,26.2142857142857,1.07252646778361
"2009/2010",2,2009-05-07,8,0,0,0,3,0,11,26.4285714285714,1.10584416579844
"2009/2010",3,2009-05-14,7,0,0,0,3,0,10,26.8142857142857,1.1656878039301
"2009/2010",4,2009-05-21,4,0,0,0,2,0,6,27.5714285714286,1.28148077158983
"2009/2010",5,2009-05-28,8,1,0,1,1,0,11,27.6428571428571,1.2922112446742
"2009/2010",6,2009-06-04,7,0,0,0,6,0,13,28.2428571428571,1.38034532354334
"2009/2010",7,2009-06-11,6,0,0,1,4,0,11,28,1.34514971259517
"2009/2010",8,2009-06-18,11,2,0,0,8,0,21,29.1142857142857,1.49936556469721
"2009/2010",9,2009-06-25,13,1,0,1,3,0,18,29.6857142857143,1.56919878166543
"2009/2010",10,2009-07-02,9,0,0,0,11,0,20,29.0428571428571,1.49012272530501
"2009/2010",11,2009-07-09,8,1,1,1,6,0,17,29.4714285714286,1.54392030546622
"2009/2010",12,2009-07-16,9,1,0,5,5,0,20,29.1142857142857,1.49936556469721
"2009/2010",13,2009-07-23,12,0,0,4,2,0,18,29.5714285714286,1.55586126693967
"2009/2010",14,2009-07-30,12,0,0,1,4,0,17,28.9714285714286,1.48077723725072
"2009/2010",15,2009-08-06,15,0,0,5,4,0,24,28.9428571428571,1.47701105011273
"2009/2010",16,2009-08-13,36,1,0,7,6,2,52,28.9857142857143,1.48265438581846
"2009/2010",17,2009-08-20,20,0,0,7,3,0,30,29.8285714285714,1.58538450518786
"2009/2010",18,2009-08-27,35,0,0,4,3,1,43,29.2571428571429,1.51752973511021
"2009/2010",19,2009-09-03,29,0,0,5,7,1,42,28.6571428571429,1.43852145516773
"2009/2010",20,2009-09-10,29,1,0,4,8,0,42,28.9428571428571,1.47701105011273
"2009/2010",21,2009-09-17,27,3,0,5,5,1,41,28.7285714285714,1.44827943256145
"2009/2010",22,2009-09-24,19,1,0,5,9,0,34,29.6285714285714,1.56257212622567
"2009/2010",23,2009-10-01,26,2,0,5,13,0,46,29.7571428571429,1.57736079049782
"2009/2010",24,2009-10-08,23,0,0,0,15,0,38,29.2,1.51031671302339
"2009/2010",25,2009-10-15,30,1,0,1,11,0,43,28.8571428571429,1.4656192715851
"2009/2010",26,2009-10-22,26,3,0,4,10,0,43,29.2571428571429,1.51752973511021
"2009/2010",27,2009-10-29,33,2,1,2,12,1,51,27.9571428571429,1.3388663631328
"2009/2010",28,2009-11-05,35,0,0,1,10,0,46,27.2285714285714,1.22944350576311
"2009/2010",29,2009-11-12,43,2,0,1,14,0,60,27.5428571428571,1.2771768462256
"2009/2010",30,2009-11-19,38,1,1,2,10,0,52,27.4857142857143,1.26854979159486
"2009/2010",31,2009-11-26,53,3,0,4,12,2,74,26.8285714285714,1.16789761913455
"2009/2010",32,2009-12-03,37,0,0,3,16,1,57,27.0428571428571,1.20095731545707
"2009/2010",33,2009-12-10,33,0,0,2,19,0,54,26.6,1.13247545473603
"2009/2010",34,2009-12-17,18,0,0,2,15,0,35,26.6857142857143,1.14577344868655
"2009/2010",35,2009-12-24,37,2,0,3,18,1,61,26.8142857142857,1.1656878039301
"2009/2010",36,2010-01-01,44,0,0,2,22,0,68,26.3428571428571,1.09251821138159
"2009/2010",37,2010-01-08,26,2,0,1,14,1,44,25.1142857142857,0.902905402347605
"2009/2010",38,2010-01-15,34,2,0,1,14,0,51,25.4571428571429,0.955310565285697
"2009/2010",39,2010-01-22,35,0,0,6,19,0,60,25.5285714285714,0.966297270524
"2009/2010",40,2010-01-29,26,3,0,4,32,0,65,25.3857142857143,0.944345547338659
"2009/2010",41,2010-02-05,24,1,0,2,20,0,47,26.2714285714286,1.08141150595131
"2009/2010",42,2010-02-12,40,2,0,1,28,0,71,27.1428571428571,1.21631805094962
"2009/2010",43,2010-02-19,40,1,0,9,25,0,75,26.7285714285714,1.15241639553096
"2009/2010",44,2010-02-26,27,2,0,7,25,0,61,27.9,1.33045732856074
"2009/2010",45,2010-03-05,25,0,0,3,25,0,53,24.1,0.7524566906621
"2009/2010",46,2010-03-12,25,1,0,0,14,0,40,27.8,1.31565960441829
"2009/2010",47,2010-03-19,54,1,0,4,13,1,73,27.8142857142857,1.31777972800826
"2009/2010",48,2010-03-26,26,2,0,3,20,0,51,27.8,1.31565960441829
"2009/2010",49,2010-04-02,40,3,0,3,21,1,68,25.7857142857143,1.00600241584611
"2009/2010",50,2010-04-09,15,0,0,2,14,0,31,26.6714285714286,1.14355817828659
"2009/2010",51,2010-04-16,24,0,1,3,10,0,38,26.9857142857143,1.19215906471492
"2009/2010",52,2010-04-23,27,1,0,2,18,0,48,28.5428571428571,1.42273305096547
"2010/2011",1,2010-04-30,27,0,0,5,15,0,47,27.2857142857143,1.23817064633773
"2010/2011",2,2010-05-07,41,2,0,8,10,1,62,27.3714285714286,1.25122346803163
"2010/2011",3,2010-05-14,36,0,0,8,20,0,64,27.8714285714286,1.32623982506846
"2010/2011",4,2010-05-21,40,0,0,6,19,0,65,28.6285714285714,1.43459426841429
"2010/2011",5,2010-05-28,56,0,0,5,19,0,80,28.4571428571429,1.4107565223495
"2010/2011",6,2010-06-04,58,1,0,3,33,0,95,29.0571428571429,1.49197961268366
"2010/2011",7,2010-06-11,101,2,1,10,38,0,152,28.3857142857143,1.40069182483274
"2010/2011",8,2010-06-18,81,3,0,11,42,0,137,26.8,1.1634773627189
"2010/2011",9,2010-06-25,74,1,0,12,42,0,129,28.3,1.3885176089276
"2010/2011",10,2010-07-02,92,2,0,22,60,0,176,28.8714285714286,1.46752745801459
"2010/2011",11,2010-07-09,131,0,0,27,66,0,224,29.3142857142857,1.52467049516825
"2010/2011",12,2010-07-16,144,2,0,29,71,0,246,26.7,1.14798825344653
"2010/2011",13,2010-07-23,110,2,0,15,57,5,189,28.2571428571429,1.38239249881791
"2010/2011",14,2010-07-30,123,3,0,16,96,5,243,29.2285714285714,1.51393214555672
"2010/2011",15,2010-08-06,128,2,0,27,91,0,248,28.9714285714286,1.48077723725072
"2010/2011",16,2010-08-13,151,0,0,32,94,0,277,29.0428571428571,1.49012272530501
"2010/2011",17,2010-08-20,115,2,0,36,77,1,231,29.0714285714286,1.49383236732501
"2010/2011",18,2010-08-27,106,0,0,23,88,0,217,29.0142857142857,1.48639665994264
"2010/2011",19,2010-09-03,127,1,0,22,84,3,237,28.7285714285714,1.44827943256145
"2010/2011",20,2010-09-10,131,0,0,20,78,0,229,28.3428571428571,1.39461759854826
"2010/2011",21,2010-09-17,112,0,0,22,59,1,194,28.4571428571429,1.4107565223495
"2010/2011",22,2010-09-24,93,0,0,22,53,0,168,28.0428571428571,1.35141230989459
"2010/2011",23,2010-10-01,67,2,0,7,42,2,120,27.9285714285714,1.33466623370459
"2010/2011",24,2010-10-08,51,0,0,11,50,1,113,28.1285714285714,1.36387280304298
"2010/2011",25,2010-10-15,47,1,0,10,41,0,99,28.2571428571429,1.38239249881791
"2010/2011",26,2010-10-22,52,3,0,16,29,0,100,27.7857142857143,1.31353748468296
"2010/2011",27,2010-10-29,57,1,0,10,37,0,105,27.8428571428571,1.32201389969462
"2010/2011",28,2010-11-05,29,3,0,10,21,0,63,26.9571428571429,1.18775478688271
"2010/2011",29,2010-11-12,20,0,0,8,16,0,44,26.1714285714286,1.06586355499315
"2010/2011",30,2010-11-19,23,0,0,8,5,0,36,26.1142857142857,1.05698164148813
"2010/2011",31,2010-11-26,16,0,0,7,5,0,28,25.4714285714286,0.95750622534912
"2010/2011",32,2010-12-03,21,1,0,4,13,0,39,24.8857142857143,0.868334601660188
"2010/2011",33,2010-12-10,12,0,0,9,4,0,25,25.6857142857143,0.990535940697226
"2010/2011",34,2010-12-17,22,0,0,8,2,0,32,24.9,0.870485495430572
"2010/2011",35,2010-12-24,16,0,0,3,4,0,23,24.5142857142857,0.812926290002357
"2010/2011",36,2011-01-01,5,0,0,4,4,0,13,24.2571428571429,0.775212960905019
"2010/2011",37,2011-01-08,6,0,0,4,3,0,13,25.4285714285714,0.95092186137057
"2010/2011",38,2011-01-15,15,0,0,3,5,0,23,25.6714285714286,0.988328913647678
"2010/2011",39,2011-01-22,3,0,0,2,2,0,7,25.0714285714286,0.896398885908985
"2010/2011",40,2011-01-29,4,0,0,1,2,0,7,25.2285714285714,0.92030704521206
"2010/2011",41,2011-02-05,13,0,0,0,1,0,14,25.9,1.02371080084562
"2010/2011",42,2011-02-12,9,0,0,3,4,0,16,25.7142857142857,0.994951918399627
"2010/2011",43,2011-02-19,9,0,0,2,1,0,12,24.6857142857143,0.838371375268308
"2010/2011",44,2011-02-26,2,0,0,2,3,0,7,24.9428571428571,0.876946288653626
"2010/2011",45,2011-03-05,2,0,0,6,2,0,10,25.2142857142857,0.918127934866515
"2010/2011",46,2011-03-12,2,0,0,1,2,0,5,25.2142857142857,0.918127934866515
"2010/2011",47,2011-03-19,0,0,0,1,3,0,4,24.8142857142857,0.857600940338855
"2010/2011",48,2011-03-26,4,0,0,2,1,0,7,26.9428571428571,1.18555142512556
"2010/2011",49,2011-04-02,4,0,0,1,0,2,7,26.4714285714286,1.11250524617283
"2010/2011",50,2011-04-09,3,0,0,0,1,0,4,25.8714285714286,1.01928084347825
"2010/2011",51,2011-04-16,2,0,0,0,2,1,5,26.1142857142857,1.05698164148813
"2010/2011",52,2011-04-23,1,0,0,2,2,0,5,26.5428571428571,1.12360267270232
"2011/2012",1,2011-04-30,0,0,0,1,2,0,3,25.8857142857143,1.02149560098727
"2011/2012",2,2011-05-07,2,0,0,0,2,0,4,26.5142857142857,1.11916445963393
"2011/2012",3,2011-05-14,1,0,0,1,1,0,3,26.0571428571429,1.04810290138686
"2011/2012",4,2011-05-21,3,0,0,3,1,0,7,26.8428571428571,1.17010679025994
"2011/2012",5,2011-05-28,2,0,0,1,0,0,3,27.4428571428571,1.26206334639663
"2011/2012",6,2011-06-04,2,0,0,1,1,0,4,27,1.19435994356799
"2011/2012",7,2011-06-11,5,0,0,0,2,0,7,27.9714285714286,1.34096308127949
"2011/2012",8,2011-06-18,9,0,0,0,0,0,9,28.6714285714286,1.44047995713249
"2011/2012",9,2011-06-25,9,0,0,9,5,0,23,28,1.34514971259517
"2011/2012",10,2011-07-02,7,0,0,1,5,0,13,27.4571428571429,1.26422699229208
"2011/2012",11,2011-07-09,13,0,0,11,5,1,30,27.7285714285714,1.30502947734744
"2011/2012",12,2011-07-16,15,0,0,9,8,0,32,28.2857142857143,1.38647866511436
"2011/2012",13,2011-07-23,12,0,0,3,15,0,30,28.1,1.35972910335148
"2011/2012",14,2011-07-30,24,0,0,8,8,0,40,27.9571428571429,1.3388663631328
"2011/2012",15,2011-08-06,14,0,0,9,11,0,34,28.7571428571429,1.45215809508847
"2011/2012",16,2011-08-13,28,0,0,12,8,0,48,28.5285714285714,1.42074482641994
"2011/2012",17,2011-08-20,30,0,0,8,16,0,54,27.3571428571429,1.24905130410533
"2011/2012",18,2011-08-27,32,0,0,13,12,1,58,28.3285714285714,1.39258709942432
"2011/2012",19,2011-09-03,27,0,0,15,15,2,59,28.5714285714286,1.42669986655911
"2011/2012",20,2011-09-10,37,0,0,17,17,0,71,28.2285714285714,1.3782954515598
"2011/2012",21,2011-09-17,33,0,0,16,11,0,60,27.1857142857143,1.22288578535052
"2011/2012",22,2011-09-24,35,0,0,13,13,1,62,28.1571428571429,1.36800646002977
"2011/2012",23,2011-10-01,27,0,0,9,9,1,46,28.3,1.3885176089276
"2011/2012",24,2011-10-08,31,0,0,7,15,0,53,27.9142857142857,1.33256286699054
"2011/2012",25,2011-10-15,34,0,0,12,16,0,62,27.3428571428571,1.2468777910189
"2011/2012",26,2011-10-22,23,0,0,7,8,1,39,27.7571428571429,1.30928734349934
"2011/2012",27,2011-10-29,30,0,0,8,12,0,50,26.9571428571429,1.1877547868827
"2011/2012",28,2011-11-05,13,0,0,9,7,0,29,27.3428571428571,1.2468777910189
"2011/2012",29,2011-11-12,12,0,0,8,4,0,24,27.0857142857143,1.20754639515967
"2011/2012",30,2011-11-19,16,0,0,4,9,0,29,26.9857142857143,1.19215906471492
"2011/2012",31,2011-11-26,11,0,0,1,5,0,17,26.0857142857143,1.05254181234821
"2011/2012",32,2011-12-03,11,0,0,4,11,0,26,25.8857142857143,1.02149560098727
"2011/2012",33,2011-12-10,15,0,0,3,1,0,19,25.6,0.977303962847404
"2011/2012",34,2011-12-17,10,0,0,2,6,1,19,25.3571428571429,0.939965988070042
"2011/2012",35,2011-12-24,14,0,0,3,2,0,19,25.7571428571429,1.00158047964899
"2011/2012",36,2012-01-01,19,0,0,1,5,0,25,25.2857142857143,0.92903413497699
"2011/2012",37,2012-01-08,11,0,0,4,6,0,21,25.5,0.961900094132657
"2011/2012",38,2012-01-15,7,0,0,2,8,0,17,24.9285714285714,0.874791350740936
"2011/2012",39,2012-01-22,6,0,0,1,4,0,11,24.9714285714286,0.881260125602954
"2011/2012",40,2012-01-29,9,0,0,2,3,1,15,24.9,0.870485495430572
"2011/2012",41,2012-02-05,5,0,0,2,3,0,10,25.4,0.946536735284571
"2011/2012",42,2012-02-12,4,0,0,1,3,2,10,25.1714285714286,0.911597197055485
"2011/2012",43,2012-02-19,7,0,0,0,2,0,9,25.6,0.977303962847404
"2011/2012",44,2012-02-26,6,0,0,4,7,0,17,25.8428571428571,1.01485271484437
"2011/2012",45,2012-03-04,10,0,0,1,6,1,18,25.8428571428571,1.01485271484437
"2011/2012",46,2012-03-11,10,0,0,0,8,0,18,26.0428571428571,1.04588382896304
"2011/2012",47,2012-03-18,8,0,0,3,1,0,12,25.7571428571429,1.00158047964899
"2011/2012",48,2012-03-25,5,0,0,2,3,0,10,25.8428571428571,1.01485271484437
"2011/2012",49,2012-04-01,8,0,0,2,1,0,11,27.2857142857143,1.23817064633773
"2011/2012",50,2012-04-08,8,0,0,2,1,0,11,26.6,1.13247545473603
"2011/2012",51,2012-04-15,7,0,0,0,3,0,10,25.6285714285714,0.981711849910791
"2011/2012",52,2012-04-22,10,0,0,1,7,0,18,28.3285714285714,1.39258709942432
"2012/2013",1,2012-04-29,4,0,0,1,3,0,8,26.5714285714286,1.12803971677788
"2012/2013",2,2012-05-06,6,0,0,5,6,0,17,27.4428571428571,1.26206334639663
"2012/2013",3,2012-05-13,12,0,0,0,4,1,17,27.4285714285714,1.25989823019541
"2012/2013",4,2012-05-20,13,0,0,5,4,0,22,27.7714285714286,1.31141339049697
"2012/2013",5,2012-05-27,19,0,0,7,11,1,38,28.6714285714286,1.44047995713249
"2012/2013",6,2012-06-03,18,0,0,6,5,0,29,29.5857142857143,1.55754677252874
"2012/2013",7,2012-06-10,27,0,0,9,8,7,51,29.8428571428571,1.58697231952694
"2012/2013",8,2012-06-17,23,0,0,6,13,2,44,30.2,1.62472986205028
"2012/2013",9,2012-06-24,21,0,0,1,2,1,25,29.7,1.57084206620268
"2012/2013",10,2012-07-01,9,0,0,5,8,0,22,28.6142857142857,1.43262563392694
"2012/2013",11,2012-07-08,22,0,0,10,9,0,41,29,1.484527535604
"2012/2013",12,2012-07-15,27,0,0,2,6,0,35,28.6285714285714,1.43459426841429
"2012/2013",13,2012-07-22,27,0,0,5,12,0,44,28.9428571428571,1.47701105011273
"2012/2013",14,2012-07-29,22,0,0,3,10,0,35,28.5571428571429,1.42471807259803
"2012/2013",15,2012-08-05,36,0,0,12,12,1,61,29,1.484527535604
"2012/2013",16,2012-08-12,30,0,0,18,18,2,68,28.6571428571429,1.43852145516773
"2012/2013",17,2012-08-19,42,0,0,11,20,0,73,28.4142857142857,1.40472667644798
"2012/2013",18,2012-08-26,45,0,0,10,31,1,87,28.4571428571429,1.4107565223495
"2012/2013",19,2012-09-02,35,0,0,9,40,0,84,29.4142857142857,1.53698754941629
"2012/2013",20,2012-09-09,37,0,0,13,36,0,86,29.6,1.55922710388917
"2012/2013",21,2012-09-16,45,0,0,10,35,0,90,29.7285714285714,1.57411237113256
"2012/2013",22,2012-09-23,58,0,0,16,34,0,108,29.0142857142857,1.48639665994264
"2012/2013",23,2012-09-30,68,0,0,13,49,3,133,28.8428571428571,1.46370732353487
"2012/2013",24,2012-10-07,88,0,0,12,52,0,152,28.3714285714286,1.39866998520844
"2012/2013",25,2012-10-14,87,0,0,16,57,4,164,28.9428571428571,1.47701105011273
"2012/2013",26,2012-10-21,50,0,0,19,46,1,116,28.8285714285714,1.46179163990358
"2012/2013",27,2012-10-28,88,0,0,27,46,2,163,29.2428571428571,1.51573318457333
"2012/2013",28,2012-11-04,68,0,0,36,66,0,170,28.4714285714286,1.41276039217953
"2012/2013",29,2012-11-11,97,0,0,23,69,0,189,28.0142857142857,1.34723958085698
"2012/2013",30,2012-11-18,105,1,0,34,65,1,206,27.5857142857143,1.28363026117671
"2012/2013",31,2012-11-25,127,0,0,36,50,0,213,27.6428571428571,1.2922112446742
"2012/2013",32,2012-12-02,124,0,0,38,73,1,236,26.8,1.1634773627189
"2012/2013",33,2012-12-09,128,0,0,31,70,1,230,26.7571428571429,1.1568424630043
"2012/2013",34,2012-12-16,80,0,0,32,55,0,167,25.6714285714286,0.988328913647678
"2012/2013",35,2012-12-23,66,0,0,33,81,1,181,26.2857142857143,1.083632864735
"2012/2013",36,2013-01-01,105,0,0,21,94,3,223,26.0857142857143,1.05254181234821
"2012/2013",37,2013-01-08,107,0,0,41,87,0,235,25.6,0.977303962847404
"2012/2013",38,2013-01-15,88,0,0,24,75,0,187,25.1428571428571,0.907248992721253
"2012/2013",39,2013-01-22,96,0,0,26,58,0,180,26.1285714285714,1.05920186145615
"2012/2013",40,2013-01-29,89,0,0,23,56,2,170,25.3,0.931218505204458
"2012/2013",41,2013-02-05,80,0,0,24,49,0,153,25.3285714285714,0.935590272347893
"2012/2013",42,2013-02-12,65,0,0,18,30,0,113,25.6285714285714,0.981711849910791
"2012/2013",43,2013-02-19,49,0,0,10,41,0,100,25.8,1.00821420913598
"2012/2013",44,2013-02-26,37,0,1,13,31,0,82,26.6714285714286,1.14355817828659
"2012/2013",45,2013-03-05,49,0,0,13,29,2,93,25.3571428571429,0.939965988070042
"2012/2013",46,2013-03-12,33,0,0,9,23,1,66,25.8428571428571,1.01485271484437
"2012/2013",47,2013-03-19,33,0,0,7,23,0,63,27.5428571428571,1.2771768462256
"2012/2013",48,2013-03-26,27,0,0,12,17,0,56,26.6428571428571,1.13912631078014
"2012/2013",49,2013-04-02,27,0,0,7,12,0,46,27.9142857142857,1.33256286699054
"2012/2013",50,2013-04-09,27,0,0,5,20,0,52,27.7285714285714,1.30502947734744
"2012/2013",51,2013-04-16,18,0,0,6,10,0,34,26.4428571428571,1.10806470532745
"2012/2013",52,2013-04-23,8,0,0,6,11,0,25,26.3714285714286,1.0969606031934
